,Computer Time (microseconds),Arduino Time (seconds),pulseTime (microseconds),pulsetime/2 in seconds,Distance Estimate in cm,Actual In cm
752,1.76E+15,21985008,577,0.0002885,10.4918795,10
753,1.76E+15,22008716,577,0.0002885,10.4918795,10
754,1.76E+15,22032448,594,0.000297,10.800999,10
755,1.76E+15,22056164,591,0.0002955,10.7464485,10
756,1.76E+15,22079888,591,0.0002955,10.7464485,10
757,1.76E+15,22103612,591,0.0002955,10.7464485,10
758,1.76E+15,22127340,597,0.0002985,10.8555495,10
759,1.76E+15,22151068,597,0.0002985,10.8555495,10
760,1.76E+15,22174796,591,0.0002955,10.7464485,10
761,1.76E+15,22198520,591,0.0002955,10.7464485,10
762,1.76E+15,22222248,591,0.0002955,10.7464485,10
763,1.76E+15,22245976,591,0.0002955,10.7464485,10
764,1.76E+15,22269704,597,0.0002985,10.8555495,10
765,1.76E+15,22293432,597,0.0002985,10.8555495,10
766,1.76E+15,22317164,592,0.000296,10.764632,10
767,1.76E+15,22340884,591,0.0002955,10.7464485,10
768,1.76E+15,22364608,591,0.0002955,10.7464485,10
769,1.76E+15,22388336,591,0.0002955,10.7464485,10
770,1.76E+15,22412084,617,0.0003085,11.2192195,10
771,1.76E+15,22435748,537,0.0002685,9.7645395,10
772,1.76E+15,22459424,538,0.000269,9.782723,10
773,1.76E+15,22483088,531,0.0002655,9.6554385,10
774,1.76E+15,22506744,531,0.0002655,9.6554385,10
775,1.76E+15,22530416,532,0.000266,9.673622,10
776,1.76E+15,22554080,531,0.0002655,9.6554385,10
777,1.76E+15,22577744,531,0.0002655,9.6554385,10
778,1.76E+15,22601416,538,0.000269,9.782723,10
779,1.76E+15,22625080,537,0.0002685,9.7645395,10
780,1.76E+15,22648748,537,0.0002685,9.7645395,10
781,1.76E+15,22672420,537,0.0002685,9.7645395,10
782,1.76E+15,22696080,531,0.0002655,9.6554385,10
783,1.76E+15,22719732,531,0.0002655,9.6554385,10
784,1.76E+15,22743400,531,0.0002655,9.6554385,10
785,1.76E+15,22767064,531,0.0002655,9.6554385,10
786,1.76E+15,22790812,612,0.000306,11.128302,10
787,1.76E+15,22814564,617,0.0003085,11.2192195,10
788,1.76E+15,22838320,617,0.0003085,11.2192195,10
789,1.76E+15,22862060,611,0.0003055,11.1101185,10
790,1.76E+15,22885808,611,0.0003055,11.1101185,10
791,1.76E+15,22909560,611,0.0003055,11.1101185,10
792,1.76E+15,22933304,617,0.0003085,11.2192195,10
793,1.76E+15,22957052,617,0.0003085,11.2192195,10
794,1.76E+15,22980820,631,0.0003155,11.4737885,10
795,1.76E+15,23004588,631,0.0003155,11.4737885,10
796,1.76E+15,23028360,631,0.0003155,11.4737885,10
797,1.76E+15,23052124,637,0.0003185,11.5828895,10
798,1.76E+15,23075896,637,0.0003185,11.5828895,10
799,1.76E+15,23099580,551,0.0002755,10.0191085,10
800,1.76E+15,23123340,631,0.0003155,11.4737885,10
801,1.76E+15,23147104,631,0.0003155,11.4737885,10
802,1.76E+15,23170872,637,0.0003185,11.5828895,10
803,1.76E+15,23194560,557,0.0002785,10.1282095,10
804,1.76E+15,23218328,631,0.0003155,11.4737885,10
805,1.76E+15,23242012,551,0.0002755,10.0191085,10
806,1.76E+15,23265696,551,0.0002755,10.0191085,10
807,1.76E+15,23289460,631,0.0003155,11.4737885,10
808,1.76E+15,23313232,637,0.0003185,11.5828895,10
809,1.76E+15,23336920,557,0.0002785,10.1282095,10
810,1.76E+15,23360684,631,0.0003155,11.4737885,10
811,1.76E+15,23384436,631,0.0003155,11.4737885,10
812,1.76E+15,23408204,631,0.0003155,11.4737885,10
813,1.76E+15,23431976,637,0.0003185,11.5828895,10
814,1.76E+15,23455664,557,0.0002785,10.1282095,10
815,1.76E+15,23479352,557,0.0002785,10.1282095,10
816,1.76E+15,23503036,551,0.0002755,10.0191085,10
817,1.76E+15,23526796,631,0.0003155,11.4737885,10
818,1.76E+15,23550484,551,0.0002755,10.0191085,10
819,1.76E+15,23574252,637,0.0003185,11.5828895,10
820,1.76E+15,23598020,637,0.0003185,11.5828895,10
821,1.76E+15,23621708,551,0.0002755,10.0191085,10
822,1.76E+15,23645468,631,0.0003155,11.4737885,10
823,1.76E+15,23669240,631,0.0003155,11.4737885,10
824,1.76E+15,23693004,637,0.0003185,11.5828895,10
825,1.76E+15,23716772,637,0.0003185,11.5828895,10
826,1.76E+15,23740540,631,0.0003155,11.4737885,10
827,1.76E+15,23764224,552,0.000276,10.037292,10
828,1.76E+15,23787912,551,0.0002755,10.0191085,10
829,1.76E+15,23811676,631,0.0003155,11.4737885,10
830,1.76E+15,23835444,637,0.0003185,11.5828895,10
831,1.76E+15,23859220,637,0.0003185,11.5828895,10
832,1.76E+15,23882980,631,0.0003155,11.4737885,10
833,1.76E+15,23906744,631,0.0003155,11.4737885,10
834,1.76E+15,23930516,631,0.0003155,11.4737885,10
835,1.76E+15,23954288,637,0.0003185,11.5828895,10
836,1.76E+15,23977972,557,0.0002785,10.1282095,10
837,1.76E+15,24001660,551,0.0002755,10.0191085,10
838,1.76E+15,24025336,551,0.0002755,10.0191085,10
839,1.76E+15,24049104,631,0.0003155,11.4737885,10
840,1.76E+15,24072868,631,0.0003155,11.4737885,10
841,1.76E+15,24096560,558,0.000279,10.146393,10
842,1.76E+15,24120332,637,0.0003185,11.5828895,10
843,1.76E+15,24144012,551,0.0002755,10.0191085,10
844,1.76E+15,24167772,631,0.0003155,11.4737885,10
845,1.76E+15,24191464,551,0.0002755,10.0191085,10
846,1.76E+15,24215228,637,0.0003185,11.5828895,10
847,1.76E+15,24238996,637,0.0003185,11.5828895,10
848,1.76E+15,24262768,631,0.0003155,11.4737885,10
849,1.76E+15,24286528,631,0.0003155,11.4737885,10
850,1.76E+15,24310296,631,0.0003155,11.4737885,10
851,1.76E+15,24333984,557,0.0002785,10.1282095,10
852,1.76E+15,24357680,557,0.0002785,10.1282095,10
853,1.76E+15,24381368,558,0.000279,10.146393,10
854,1.76E+15,24405060,551,0.0002755,10.0191085,10
855,1.76E+15,24428820,631,0.0003155,11.4737885,10
856,1.76E+15,24452504,551,0.0002755,10.0191085,10
857,1.76E+15,24476276,631,0.0003155,11.4737885,10
858,1.76E+15,24499960,558,0.000279,10.146393,10
859,1.76E+15,24523652,558,0.000279,10.146393,10
860,1.76E+15,24547420,631,0.0003155,11.4737885,10
861,1.76E+15,24571104,552,0.000276,10.037292,10
862,1.76E+15,24594872,631,0.0003155,11.4737885,10
863,1.76E+15,24618560,552,0.000276,10.037292,10
864,1.76E+15,24642328,637,0.0003185,11.5828895,10
865,1.76E+15,24666012,557,0.0002785,10.1282095,10
866,1.76E+15,24689708,558,0.000279,10.146393,10
867,1.76E+15,24713384,551,0.0002755,10.0191085,10
868,1.76E+15,24737144,631,0.0003155,11.4737885,10
869,1.76E+15,24760916,631,0.0003155,11.4737885,10
870,1.76E+15,24784680,637,0.0003185,11.5828895,10
871,1.76E+15,24808452,637,0.0003185,11.5828895,10
872,1.76E+15,24832216,630,0.000315,11.455605,10
873,1.76E+15,24855964,631,0.0003155,11.4737885,10
874,1.76E+15,24879736,631,0.0003155,11.4737885,10
875,1.76E+15,24903500,637,0.0003185,11.5828895,10
876,1.76E+15,24927276,637,0.0003185,11.5828895,10
877,1.76E+15,24951036,631,0.0003155,11.4737885,10
878,1.76E+15,24974808,631,0.0003155,11.4737885,10
879,1.76E+15,24998576,631,0.0003155,11.4737885,10
880,1.76E+15,25022344,637,0.0003185,11.5828895,10
881,1.76E+15,25046112,631,0.0003155,11.4737885,10
882,1.76E+15,25069876,631,0.0003155,11.4737885,10
883,1.76E+15,25093640,631,0.0003155,11.4737885,10
884,1.76E+15,25117404,637,0.0003185,11.5828895,10
885,1.76E+15,25141172,637,0.0003185,11.5828895,10
886,1.76E+15,25164940,631,0.0003155,11.4737885,10
887,1.76E+15,25188704,631,0.0003155,11.4737885,10
888,1.76E+15,25212476,631,0.0003155,11.4737885,10
889,1.76E+15,25236240,637,0.0003185,11.5828895,10
890,1.76E+15,25259988,617,0.0003085,11.2192195,10
891,1.76E+15,25283756,631,0.0003155,11.4737885,10
892,1.76E+15,25307516,631,0.0003155,11.4737885,10
893,1.76E+15,25331288,631,0.0003155,11.4737885,10
894,1.76E+15,25355052,637,0.0003185,11.5828895,10
895,1.76E+15,25378828,637,0.0003185,11.5828895,10
896,1.76E+15,25402592,631,0.0003155,11.4737885,10
897,1.76E+15,25426356,631,0.0003155,11.4737885,10
898,1.76E+15,25450120,631,0.0003155,11.4737885,10
899,1.76E+15,25473892,637,0.0003185,11.5828895,10
900,1.76E+15,25497664,635,0.0003175,11.5465225,10
901,1.76E+15,25521428,631,0.0003155,11.4737885,10
902,1.76E+15,25545196,631,0.0003155,11.4737885,10
903,1.76E+15,25568964,637,0.0003185,11.5828895,10
904,1.76E+15,25592732,637,0.0003185,11.5828895,10
905,1.76E+15,25616504,631,0.0003155,11.4737885,10
906,1.76E+15,25640256,631,0.0003155,11.4737885,10
907,1.76E+15,25664020,631,0.0003155,11.4737885,10
908,1.76E+15,25687788,637,0.0003185,11.5828895,10
909,1.76E+15,25711552,637,0.0003185,11.5828895,10
910,1.76E+15,25735320,631,0.0003155,11.4737885,10
911,1.76E+15,25759084,631,0.0003155,11.4737885,10
912,1.76E+15,25782828,611,0.0003055,11.1101185,10
913,1.76E+15,25806592,637,0.0003185,11.5828895,10
914,1.76E+15,25830336,617,0.0003085,11.2192195,10
915,1.76E+15,25854104,631,0.0003155,11.4737885,10
916,1.76E+15,25877848,611,0.0003055,11.1101185,10
917,1.76E+15,25901616,631,0.0003155,11.4737885,10
918,1.76E+15,25925364,617,0.0003085,11.2192195,10
919,1.76E+15,25949132,637,0.0003185,11.5828895,10
920,1.76E+15,25972900,631,0.0003155,11.4737885,10
921,1.76E+15,25996664,631,0.0003155,11.4737885,10
922,1.76E+15,26020412,611,0.0003055,11.1101185,10
923,1.76E+15,26044176,637,0.0003185,11.5828895,10
924,1.76E+15,26067944,637,0.0003185,11.5828895,10
925,1.76E+15,26091712,631,0.0003155,11.4737885,10
926,1.76E+15,26115472,631,0.0003155,11.4737885,10
927,1.76E+15,26139236,631,0.0003155,11.4737885,10
928,1.76E+15,26162984,617,0.0003085,11.2192195,10
929,1.76E+15,26186760,637,0.0003185,11.5828895,10
930,1.76E+15,26210504,611,0.0003055,11.1101185,10
931,1.76E+15,26234264,631,0.0003155,11.4737885,10
932,1.76E+15,26258032,631,0.0003155,11.4737885,10
933,1.76E+15,26281796,637,0.0003185,11.5828895,10
934,1.76E+15,26305548,617,0.0003085,11.2192195,10
935,1.76E+15,26329304,631,0.0003155,11.4737885,10
936,1.76E+15,26353068,631,0.0003155,11.4737885,10
937,1.76E+15,26376832,631,0.0003155,11.4737885,10
938,1.76E+15,26400596,637,0.0003185,11.5828895,10
939,1.76E+15,26424368,637,0.0003185,11.5828895,10
940,1.76E+15,26448120,631,0.0003155,11.4737885,10
941,1.76E+15,26471884,631,0.0003155,11.4737885,10
942,1.76E+15,26495648,631,0.0003155,11.4737885,10
943,1.76E+15,26519424,637,0.0003185,11.5828895,10
944,1.76E+15,26543192,631,0.0003155,11.4737885,10
945,1.76E+15,26566952,631,0.0003155,11.4737885,10
946,1.76E+15,26590724,632,0.000316,11.491972,10
947,1.76E+15,26614492,637,0.0003185,11.5828895,10
948,1.76E+15,26638256,637,0.0003185,11.5828895,10
949,1.76E+15,26662024,631,0.0003155,11.4737885,10
950,1.76E+15,26685780,631,0.0003155,11.4737885,10
951,1.76E+15,26709544,631,0.0003155,11.4737885,10
952,1.76E+15,26733316,637,0.0003185,11.5828895,10
953,1.76E+15,26757080,637,0.0003185,11.5828895,10
954,1.76E+15,26780848,631,0.0003155,11.4737885,10
955,1.76E+15,26804608,631,0.0003155,11.4737885,10
956,1.76E+15,26828372,631,0.0003155,11.4737885,10
957,1.76E+15,26852140,637,0.0003185,11.5828895,10
958,1.76E+15,26875916,637,0.0003185,11.5828895,10
959,1.76E+15,26899676,631,0.0003155,11.4737885,10
960,1.76E+15,26923444,631,0.0003155,11.4737885,10
961,1.76E+15,26947212,631,0.0003155,11.4737885,10
962,1.76E+15,26970980,637,0.0003185,11.5828895,10
963,1.76E+15,26994752,634,0.000317,11.528339,10
964,1.76E+15,27018516,631,0.0003155,11.4737885,10
965,1.76E+15,27042284,631,0.0003155,11.4737885,10
966,1.76E+15,27066052,637,0.0003185,11.5828895,10
967,1.76E+15,27089820,637,0.0003185,11.5828895,10
968,1.76E+15,27113588,631,0.0003155,11.4737885,10
969,1.76E+15,27137352,632,0.000316,11.491972,10
970,1.76E+15,27161120,631,0.0003155,11.4737885,10
971,1.76E+15,27184884,637,0.0003185,11.5828895,10
972,1.76E+15,27208652,638,0.000319,11.601073,10
973,1.76E+15,27232416,631,0.0003155,11.4737885,10
974,1.76E+15,27256172,631,0.0003155,11.4737885,10
975,1.76E+15,27279936,631,0.0003155,11.4737885,10
976,1.76E+15,27303704,637,0.0003185,11.5828895,10
977,1.76E+15,27327472,637,0.0003185,11.5828895,10
978,1.76E+15,27351240,631,0.0003155,11.4737885,10
979,1.76E+15,27374980,611,0.0003055,11.1101185,10
980,1.76E+15,27398728,611,0.0003055,11.1101185,10
981,1.76E+15,27422496,637,0.0003185,11.5828895,10
982,1.76E+15,27446268,637,0.0003185,11.5828895,10
983,1.76E+15,27470036,631,0.0003155,11.4737885,10
984,1.76E+15,27493804,631,0.0003155,11.4737885,10
985,1.76E+15,27517572,631,0.0003155,11.4737885,10
986,1.76E+15,27541344,637,0.0003185,11.5828895,10
987,1.76E+15,27565116,637,0.0003185,11.5828895,10
988,1.76E+15,27588880,631,0.0003155,11.4737885,10
989,1.76E+15,27612644,631,0.0003155,11.4737885,10
990,1.76E+15,27636408,632,0.000316,11.491972,10
991,1.76E+15,27660176,637,0.0003185,11.5828895,10
992,1.76E+15,27683944,631,0.0003155,11.4737885,10
993,1.76E+15,27707708,631,0.0003155,11.4737885,10
994,1.76E+15,27731476,631,0.0003155,11.4737885,10
995,1.76E+15,27755240,637,0.0003185,11.5828895,10
996,1.76E+15,27779008,637,0.0003185,11.5828895,10
997,1.76E+15,27802776,631,0.0003155,11.4737885,10
998,1.76E+15,27826540,631,0.0003155,11.4737885,10
999,1.76E+15,27850304,631,0.0003155,11.4737885,10
1000,1.76E+15,27874072,637,0.0003185,11.5828895,10
1001,1.76E+15,27897840,637,0.0003185,11.5828895,10
1002,1.76E+15,27921604,631,0.0003155,11.4737885,10
1003,1.76E+15,27945364,631,0.0003155,11.4737885,10
1004,1.76E+15,27969132,631,0.0003155,11.4737885,10
1005,1.76E+15,27992904,637,0.0003185,11.5828895,10
1006,1.76E+15,28016680,637,0.0003185,11.5828895,10
1007,1.76E+15,28040436,631,0.0003155,11.4737885,10
1008,1.76E+15,28064200,631,0.0003155,11.4737885,10
1009,1.76E+15,28087968,631,0.0003155,11.4737885,10
1010,1.76E+15,28111744,637,0.0003185,11.5828895,10
1011,1.76E+15,28135512,631,0.0003155,11.4737885,10
1012,1.76E+15,28159276,631,0.0003155,11.4737885,10
1013,1.76E+15,28183044,631,0.0003155,11.4737885,10
1014,1.76E+15,28206808,637,0.0003185,11.5828895,10
1015,1.76E+15,28230576,637,0.0003185,11.5828895,10
1016,1.76E+15,28254344,631,0.0003155,11.4737885,10
1017,1.76E+15,28278108,631,0.0003155,11.4737885,10
1018,1.76E+15,28301872,631,0.0003155,11.4737885,10
1019,1.76E+15,28325640,637,0.0003185,11.5828895,10
1020,1.76E+15,28349408,637,0.0003185,11.5828895,10
1021,1.76E+15,28373176,631,0.0003155,11.4737885,10
1022,1.76E+15,28396936,631,0.0003155,11.4737885,10
1023,1.76E+15,28420704,631,0.0003155,11.4737885,10
1024,1.76E+15,28444476,637,0.0003185,11.5828895,10
1025,1.76E+15,28468244,637,0.0003185,11.5828895,10
1026,1.76E+15,28492008,631,0.0003155,11.4737885,10
1027,1.76E+15,28515772,631,0.0003155,11.4737885,10
1028,1.76E+15,28539540,631,0.0003155,11.4737885,10
1029,1.76E+15,28563316,637,0.0003185,11.5828895,10
1030,1.76E+15,28587084,630,0.000315,11.455605,10
1031,1.76E+15,28610848,631,0.0003155,11.4737885,10
1032,1.76E+15,28634612,631,0.0003155,11.4737885,10
1033,1.76E+15,28658380,637,0.0003185,11.5828895,10
1034,1.76E+15,28682148,637,0.0003185,11.5828895,10
1035,1.76E+15,28705916,631,0.0003155,11.4737885,10
1036,1.76E+15,28729680,631,0.0003155,11.4737885,10
1037,1.76E+15,28753448,631,0.0003155,11.4737885,10
1038,1.76E+15,28777212,637,0.0003185,11.5828895,10
1039,1.76E+15,28800980,637,0.0003185,11.5828895,10
1040,1.76E+15,28824748,631,0.0003155,11.4737885,10
1041,1.76E+15,28848488,611,0.0003055,11.1101185,10
1042,1.76E+15,28872236,611,0.0003055,11.1101185,10
1043,1.76E+15,28895900,537,0.0002685,9.7645395,
1044,1.76E+15,28919636,597,0.0002985,10.8555495,
1045,1.76E+15,28943372,598,0.000299,10.873733,
1046,1.76E+15,28967132,631,0.0003155,11.4737885,
1047,1.76E+15,28990856,591,0.0002955,10.7464485,
1048,1.76E+15,29014704,710,0.000355,12.910285,
1049,1.76E+15,29038492,657,0.0003285,11.9465595,
1050,1.76E+15,29062396,771,0.0003855,14.0194785,
1051,1.76E+15,29086224,691,0.0003455,12.5647985,
1052,1.76E+15,29110156,797,0.0003985,14.4922495,
1053,1.76E+15,29134104,811,0.0004055,14.7468185,
1054,1.76E+15,29158152,911,0.0004555,16.5651685,
1055,1.76E+15,29182272,986,0.000493,17.928931,
1056,1.76E+15,29206340,930,0.000465,16.910655,
1057,1.76E+15,29230408,930,0.000465,16.910655,
1058,1.76E+15,29254472,930,0.000465,16.910655,
1059,1.76E+15,29278556,949,0.0004745,17.2561415,
1060,1.76E+15,29302644,949,0.0004745,17.2561415,
1061,1.76E+15,29326724,948,0.000474,17.237958,
1062,1.76E+15,29350812,949,0.0004745,17.2561415,
1063,1.76E+15,29374916,968,0.000484,17.601628,
1064,1.76E+15,29399024,967,0.0004835,17.5834445,
1065,1.76E+15,29423128,967,0.0004835,17.5834445,
1066,1.76E+15,29447308,1042,0.000521,18.947207,
1067,1.76E+15,29471544,1061,0.0005305,19.2926935,
1068,1.76E+15,29495788,1061,0.0005305,19.2926935,
1069,1.76E+15,29520044,1080,0.00054,19.63818,
1070,1.76E+15,29544324,1098,0.000549,19.965483,
1071,1.76E+15,29568620,1117,0.0005585,20.3109695,20
1072,1.76E+15,29592940,1136,0.000568,20.656456,20
1073,1.76E+15,29617292,1166,0.000583,21.201961,20
1074,1.76E+15,29641596,1136,0.000568,20.656456,20
1075,1.76E+15,29665948,1173,0.0005865,21.3292455,20
1076,1.76E+15,29690284,1154,0.000577,20.983759,20
1077,1.76E+15,29714660,1186,0.000593,21.565631,20
1078,1.76E+15,29739072,1228,0.000614,22.329338,20
1079,1.76E+15,29763456,1210,0.000605,22.002035,20
1080,1.76E+15,29787884,1248,0.000624,22.693008,20
1081,1.76E+15,29812296,1229,0.0006145,22.3475215,20
1082,1.76E+15,29836764,1285,0.0006425,23.3657975,20
1083,1.76E+15,29861156,1210,0.000605,22.002035,20
1084,1.76E+15,29885548,1204,0.000602,21.892934,20
1085,1.76E+15,29909952,1229,0.0006145,22.3475215,20
1086,1.76E+15,29934384,1247,0.0006235,22.6748245,20
1087,1.76E+15,29958756,1192,0.000596,21.674732,20
1088,1.76E+15,29983144,1210,0.000605,22.002035,20
1089,1.76E+15,30007500,1167,0.0005835,21.2201445,20
1090,1.76E+15,30031880,1192,0.000596,21.674732,20
1091,1.76E+15,30056212,1154,0.000577,20.983759,20
1092,1.76E+15,30080568,1173,0.0005865,21.3292455,20
1093,1.76E+15,30104880,1135,0.0005675,20.6382725,20
1094,1.76E+15,30129216,1148,0.000574,20.874658,20
1095,1.76E+15,30153564,1172,0.000586,21.311062,20
1096,1.76E+15,30177864,1117,0.0005585,20.3109695,20
1097,1.76E+15,30202240,1192,0.000596,21.674732,20
1098,1.76E+15,30226560,1130,0.000565,20.547355,20
1099,1.76E+15,30250892,1155,0.0005775,21.0019425,20
1100,1.76E+15,30275168,1098,0.000549,19.965483,20
1101,1.76E+15,30299524,1173,0.0005865,21.3292455,20
1102,1.76E+15,30323824,1111,0.0005555,20.2018685,20
1103,1.76E+15,30348116,1117,0.0005585,20.3109695,20
1104,1.76E+15,30372416,1117,0.0005585,20.3109695,20
1105,1.76E+15,30396716,1117,0.0005585,20.3109695,20
1106,1.76E+15,30421024,1117,0.0005585,20.3109695,20
1107,1.76E+15,30445316,1117,0.0005585,20.3109695,20
1108,1.76E+15,30469616,1117,0.0005585,20.3109695,20
1109,1.76E+15,30493916,1117,0.0005585,20.3109695,20
1110,1.76E+15,30518216,1117,0.0005585,20.3109695,20
1111,1.76E+15,30542512,1117,0.0005585,20.3109695,20
1112,1.76E+15,30566808,1117,0.0005585,20.3109695,20
1113,1.76E+15,30591104,1111,0.0005555,20.2018685,20
1114,1.76E+15,30615392,1117,0.0005585,20.3109695,20
1115,1.76E+15,30639696,1117,0.0005585,20.3109695,20
1116,1.76E+15,30663996,1117,0.0005585,20.3109695,20
1117,1.76E+15,30688300,1117,0.0005585,20.3109695,20
1118,1.76E+15,30712592,1116,0.000558,20.292786,20
1119,1.76E+15,30736896,1116,0.000558,20.292786,20
1120,1.76E+15,30761188,1116,0.000558,20.292786,20
1121,1.76E+15,30785488,1117,0.0005585,20.3109695,20
1122,1.76E+15,30809788,1117,0.0005585,20.3109695,20
1123,1.76E+15,30834084,1117,0.0005585,20.3109695,20
1124,1.76E+15,30858380,1111,0.0005555,20.2018685,20
1125,1.76E+15,30882672,1117,0.0005585,20.3109695,20
1126,1.76E+15,30906968,1117,0.0005585,20.3109695,20
1127,1.76E+15,30931264,1117,0.0005585,20.3109695,20
1128,1.76E+15,30955564,1117,0.0005585,20.3109695,20
1129,1.76E+15,30979860,1117,0.0005585,20.3109695,20
1130,1.76E+15,31004152,1117,0.0005585,20.3109695,20
1131,1.76E+15,31028452,1116,0.000558,20.292786,20
1132,1.76E+15,31052748,1117,0.0005585,20.3109695,20
1133,1.76E+15,31077048,1117,0.0005585,20.3109695,20
1134,1.76E+15,31101348,1117,0.0005585,20.3109695,20
1135,1.76E+15,31125648,1111,0.0005555,20.2018685,20
1136,1.76E+15,31149940,1117,0.0005585,20.3109695,20
1137,1.76E+15,31174240,1117,0.0005585,20.3109695,20
1138,1.76E+15,31198536,1117,0.0005585,20.3109695,20
1139,1.76E+15,31222840,1117,0.0005585,20.3109695,20
1140,1.76E+15,31247128,1116,0.000558,20.292786,20
1141,1.76E+15,31271428,1117,0.0005585,20.3109695,20
1142,1.76E+15,31295728,1117,0.0005585,20.3109695,20
1143,1.76E+15,31320028,1117,0.0005585,20.3109695,20
1144,1.76E+15,31344320,1117,0.0005585,20.3109695,20
1145,1.76E+15,31368616,1117,0.0005585,20.3109695,20
1146,1.76E+15,31392916,1111,0.0005555,20.2018685,20
1147,1.76E+15,31417208,1117,0.0005585,20.3109695,20
1148,1.76E+15,31441508,1117,0.0005585,20.3109695,20
1149,1.76E+15,31465804,1116,0.000558,20.292786,20
1150,1.76E+15,31490108,1117,0.0005585,20.3109695,20
1151,1.76E+15,31514396,1117,0.0005585,20.3109695,20
1152,1.76E+15,31538696,1117,0.0005585,20.3109695,20
1153,1.76E+15,31562996,1117,0.0005585,20.3109695,20
1154,1.76E+15,31587296,1117,0.0005585,20.3109695,20
1155,1.76E+15,31611596,1117,0.0005585,20.3109695,20
1156,1.76E+15,31635896,1116,0.000558,20.292786,20
1157,1.76E+15,31660196,1116,0.000558,20.292786,20
1158,1.76E+15,31684492,1117,0.0005585,20.3109695,20
1159,1.76E+15,31708792,1117,0.0005585,20.3109695,20
1160,1.76E+15,31733096,1117,0.0005585,20.3109695,20
1161,1.76E+15,31757400,1111,0.0005555,20.2018685,20
1162,1.76E+15,31781692,1117,0.0005585,20.3109695,20
1163,1.76E+15,31805988,1117,0.0005585,20.3109695,20
1164,1.76E+15,31830288,1117,0.0005585,20.3109695,20
1165,1.76E+15,31854588,1117,0.0005585,20.3109695,20
1166,1.76E+15,31878884,1117,0.0005585,20.3109695,20
1167,1.76E+15,31903180,1117,0.0005585,20.3109695,20
1168,1.76E+15,31927480,1117,0.0005585,20.3109695,20
1169,1.76E+15,31951780,1117,0.0005585,20.3109695,20
1170,1.76E+15,31976080,1117,0.0005585,20.3109695,20
1171,1.76E+15,32000380,1117,0.0005585,20.3109695,20
1172,1.76E+15,32024676,1111,0.0005555,20.2018685,20
1173,1.76E+15,32048968,1117,0.0005585,20.3109695,20
1174,1.76E+15,32073264,1117,0.0005585,20.3109695,20
1175,1.76E+15,32097564,1117,0.0005585,20.3109695,20
1176,1.76E+15,32121868,1116,0.000558,20.292786,20
1177,1.76E+15,32146160,1117,0.0005585,20.3109695,20
1178,1.76E+15,32170460,1117,0.0005585,20.3109695,20
1179,1.76E+15,32194756,1117,0.0005585,20.3109695,20
1180,1.76E+15,32219048,1116,0.000558,20.292786,20
1181,1.76E+15,32243348,1117,0.0005585,20.3109695,20
1182,1.76E+15,32267648,1117,0.0005585,20.3109695,20
1183,1.76E+15,32291944,1111,0.0005555,20.2018685,20
1184,1.76E+15,32316236,1117,0.0005585,20.3109695,20
1185,1.76E+15,32340536,1117,0.0005585,20.3109695,20
1186,1.76E+15,32364832,1117,0.0005585,20.3109695,20
1187,1.76E+15,32389132,1117,0.0005585,20.3109695,20
1188,1.76E+15,32413424,1117,0.0005585,20.3109695,20
1189,1.76E+15,32437724,1117,0.0005585,20.3109695,20
1190,1.76E+15,32462024,1117,0.0005585,20.3109695,20
1191,1.76E+15,32486324,1116,0.000558,20.292786,20
1192,1.76E+15,32510616,1117,0.0005585,20.3109695,20
1193,1.76E+15,32534912,1117,0.0005585,20.3109695,20
1194,1.76E+15,32559212,1111,0.0005555,20.2018685,20
1195,1.76E+15,32583504,1117,0.0005585,20.3109695,20
1196,1.76E+15,32607804,1117,0.0005585,20.3109695,20
1197,1.76E+15,32632104,1117,0.0005585,20.3109695,20
1198,1.76E+15,32656408,1117,0.0005585,20.3109695,20
1199,1.76E+15,32680700,1117,0.0005585,20.3109695,20
1200,1.76E+15,32705000,1117,0.0005585,20.3109695,20
1201,1.76E+15,32729300,1117,0.0005585,20.3109695,20
1202,1.76E+15,32753600,1117,0.0005585,20.3109695,20
1203,1.76E+15,32777900,1117,0.0005585,20.3109695,20
1204,1.76E+15,32802196,1117,0.0005585,20.3109695,20
1205,1.76E+15,32826488,1111,0.0005555,20.2018685,20
1206,1.76E+15,32850780,1117,0.0005585,20.3109695,20
1207,1.76E+15,32875080,1117,0.0005585,20.3109695,20
1208,1.76E+15,32899376,1117,0.0005585,20.3109695,20
1209,1.76E+15,32923680,1117,0.0005585,20.3109695,20
1210,1.76E+15,32947972,1117,0.0005585,20.3109695,20
1211,1.76E+15,32972264,1117,0.0005585,20.3109695,20
1212,1.76E+15,32996564,1117,0.0005585,20.3109695,20
1213,1.76E+15,33020860,1117,0.0005585,20.3109695,20
1214,1.76E+15,33045172,1136,0.000568,20.656456,20
1215,1.76E+15,33069484,1136,0.000568,20.656456,20
1216,1.76E+15,33093820,1148,0.000574,20.874658,20
1217,1.76E+15,33118136,1135,0.0005675,20.6382725,20
1218,1.76E+15,33142452,1136,0.000568,20.656456,20
1219,1.76E+15,33166748,1116,0.000558,20.292786,20
1220,1.76E+15,33191100,1167,0.0005835,21.2201445,
1221,1.76E+15,33215412,1135,0.0005675,20.6382725,
1222,1.76E+15,33239748,1154,0.000577,20.983759,
1223,1.76E+15,33264100,1173,0.0005865,21.3292455,
1224,1.76E+15,33288452,1173,0.0005865,21.3292455,
1225,1.76E+15,33312876,1242,0.000621,22.583907,
1226,1.76E+15,33337276,1229,0.0006145,22.3475215,
1227,1.76E+15,33361744,1285,0.0006425,23.3657975,
1228,1.76E+15,33386240,1321,0.0006605,24.0204035,
1229,1.76E+15,33410772,1355,0.0006775,24.6386425,
1230,1.76E+15,33435340,1389,0.0006945,25.2568815,
1231,1.76E+15,33459944,1423,0.0007115,25.8751205,
1232,1.76E+15,33484548,1423,0.0007115,25.8751205,
1233,1.76E+15,33509180,1457,0.0007285,26.4933595,
1234,1.76E+15,33533872,1508,0.000754,27.420718,
1235,1.76E+15,33558564,1507,0.0007535,27.4025345,
1236,1.76E+15,33583296,1552,0.000776,28.220792,
1237,1.76E+15,33608052,1569,0.0007845,28.5299115,
1238,1.76E+15,33632856,1619,0.0008095,29.4390865,
1239,1.76E+15,33657676,1643,0.0008215,29.8754905,
1240,1.76E+15,33682484,1626,0.000813,29.566371,
1241,1.76E+15,33707300,1636,0.000818,29.748206,
1242,1.76E+15,33732108,1620,0.00081,29.45727,
1243,1.76E+15,33756952,1660,0.00083,30.18461,
1244,1.76E+15,33781824,1688,0.000844,30.693748,
1245,1.76E+15,33806644,1637,0.0008185,29.7663895,
1246,1.76E+15,33831500,1671,0.0008355,30.3846285,30
1247,1.76E+15,33856360,1677,0.0008385,30.4937295,30
1248,1.76E+15,33881200,1654,0.000827,30.075509,30
1249,1.76E+15,33906068,1688,0.000844,30.693748,30
1250,1.76E+15,33930972,1718,0.000859,31.239253,30
1251,1.76E+15,33955864,1709,0.0008545,31.0756015,30
1252,1.76E+15,33980728,1687,0.0008435,30.6755645,30
1253,1.76E+15,34005632,1718,0.000859,31.239253,30
1254,1.76E+15,34030524,1708,0.000854,31.057418,30
1255,1.76E+15,34055448,1733,0.0008665,31.5120055,30
1256,1.76E+15,34080348,1718,0.000859,31.239253,30
1257,1.76E+15,34105312,1785,0.0008925,32.4575475,30
1258,1.76E+15,34130228,1733,0.0008665,31.5120055,30
1259,1.76E+15,34155152,1733,0.0008665,31.5120055,30
1260,1.76E+15,34180104,1770,0.000885,32.184795,30
1261,1.76E+15,34205020,1733,0.0008665,31.5120055,30
1262,1.76E+15,34229936,1733,0.0008665,31.5120055,30
1263,1.76E+15,34254864,1739,0.0008695,31.6211065,30
1264,1.76E+15,34279792,1748,0.000874,31.784758,30
1265,1.76E+15,34304700,1718,0.000859,31.239253,30
1266,1.76E+15,34329624,1739,0.0008695,31.6211065,30
1267,1.76E+15,34354508,1703,0.0008515,30.9665005,30
1268,1.76E+15,34379440,1748,0.000874,31.784758,30
1269,1.76E+15,34404348,1724,0.000862,31.348354,30
1270,1.76E+15,34429220,1687,0.0008435,30.6755645,30
1271,1.76E+15,34454140,1733,0.0008665,31.5120055,30
1272,1.76E+15,34479032,1709,0.0008545,31.0756015,30
1273,1.76E+15,34503892,1671,0.0008355,30.3846285,30
1274,1.76E+15,34528800,1718,0.000859,31.239253,30
1275,1.76E+15,34553672,1694,0.000847,30.802849,30
1276,1.76E+15,34578548,1687,0.0008435,30.6755645,30
1277,1.76E+15,34603384,1654,0.000827,30.075509,30
1278,1.76E+15,34628220,1654,0.000827,30.075509,30
1279,1.76E+15,34653116,1709,0.0008545,31.0756015,30
1280,1.76E+15,34678008,1703,0.0008515,30.9665005,30
1281,1.76E+15,34702900,1702,0.000851,30.948317,30
1282,1.76E+15,34727788,1709,0.0008545,31.0756015,30
1283,1.76E+15,34752672,1703,0.0008515,30.9665005,30
1284,1.76E+15,34777556,1703,0.0008515,30.9665005,30
1285,1.76E+15,34802444,1709,0.0008545,31.0756015,30
1286,1.76E+15,34827288,1660,0.00083,30.18461,30
1287,1.76E+15,34852116,1654,0.000827,30.075509,30
1288,1.76E+15,34876960,1654,0.000827,30.075509,30
1289,1.76E+15,34901800,1661,0.0008305,30.2027935,30
1290,1.76E+15,34926716,1733,0.0008665,31.5120055,30
1291,1.76E+15,34951632,1733,0.0008665,31.5120055,30
1292,1.76E+15,34976476,1660,0.00083,30.18461,30
1293,1.76E+15,35001320,1660,0.00083,30.18461,30
1294,1.76E+15,35026156,1654,0.000827,30.075509,30
1295,1.76E+15,35051000,1654,0.000827,30.075509,30
1296,1.76E+15,35075844,1660,0.00083,30.18461,30
1297,1.76E+15,35100684,1659,0.0008295,30.1664265,30
1298,1.76E+15,35125520,1654,0.000827,30.075509,30
1299,1.76E+15,35150360,1654,0.000827,30.075509,30
1300,1.76E+15,35175200,1660,0.00083,30.18461,30
1301,1.76E+15,35200048,1659,0.0008295,30.1664265,30
1302,1.76E+15,35224876,1654,0.000827,30.075509,30
1303,1.76E+15,35249720,1654,0.000827,30.075509,30
1304,1.76E+15,35274560,1660,0.00083,30.18461,30
1305,1.76E+15,35299396,1654,0.000827,30.075509,30
1306,1.76E+15,35324232,1654,0.000827,30.075509,30
1307,1.76E+15,35349072,1654,0.000827,30.075509,30
1308,1.76E+15,35373908,1660,0.00083,30.18461,30
1309,1.76E+15,35398752,1654,0.000827,30.075509,30
1310,1.76E+15,35423588,1654,0.000827,30.075509,30
1311,1.76E+15,35448432,1654,0.000827,30.075509,30
1312,1.76E+15,35473276,1660,0.00083,30.18461,30
1313,1.76E+15,35498112,1654,0.000827,30.075509,30
1314,1.76E+15,35522952,1654,0.000827,30.075509,30
1315,1.76E+15,35547788,1654,0.000827,30.075509,30
1316,1.76E+15,35572632,1660,0.00083,30.18461,30
1317,1.76E+15,35597476,1654,0.000827,30.075509,30
1318,1.76E+15,35622312,1654,0.000827,30.075509,30
1319,1.76E+15,35647156,1654,0.000827,30.075509,30
1320,1.76E+15,35671992,1661,0.0008305,30.2027935,30
1321,1.76E+15,35696836,1655,0.0008275,30.0936925,30
1322,1.76E+15,35721672,1654,0.000827,30.075509,30
1323,1.76E+15,35746512,1660,0.00083,30.18461,30
1324,1.76E+15,35771356,1660,0.00083,30.18461,30
1325,1.76E+15,35796200,1654,0.000827,30.075509,30
1326,1.76E+15,35821040,1654,0.000827,30.075509,30
1327,1.76E+15,35845880,1660,0.00083,30.18461,30
1328,1.76E+15,35870720,1660,0.00083,30.18461,30
1329,1.76E+15,35895560,1654,0.000827,30.075509,30
1330,1.76E+15,35920400,1654,0.000827,30.075509,30
1331,1.76E+15,35945240,1660,0.00083,30.18461,30
1332,1.76E+15,35970084,1660,0.00083,30.18461,30
1333,1.76E+15,35994916,1654,0.000827,30.075509,30
1334,1.76E+15,36019756,1654,0.000827,30.075509,30
1335,1.76E+15,36044600,1660,0.00083,30.18461,30
1336,1.76E+15,36069440,1653,0.0008265,30.0573255,30
1337,1.76E+15,36094276,1654,0.000827,30.075509,30
1338,1.76E+15,36119120,1653,0.0008265,30.0573255,30
1339,1.76E+15,36143956,1660,0.00083,30.18461,30
1340,1.76E+15,36168800,1654,0.000827,30.075509,30
1341,1.76E+15,36193628,1654,0.000827,30.075509,30
1342,1.76E+15,36218468,1653,0.0008265,30.0573255,30
1343,1.76E+15,36243320,1660,0.00083,30.18461,30
1344,1.76E+15,36268160,1653,0.0008265,30.0573255,30
1345,1.76E+15,36292988,1654,0.000827,30.075509,30
1346,1.76E+15,36317832,1654,0.000827,30.075509,30
1347,1.76E+15,36342676,1660,0.00083,30.18461,30
1348,1.76E+15,36367512,1654,0.000827,30.075509,30
1349,1.76E+15,36392348,1654,0.000827,30.075509,30
1350,1.76E+15,36417192,1654,0.000827,30.075509,30
1351,1.76E+15,36442028,1659,0.0008295,30.1664265,30
1352,1.76E+15,36466868,1654,0.000827,30.075509,30
1353,1.76E+15,36491708,1654,0.000827,30.075509,30
1354,1.76E+15,36516552,1660,0.00083,30.18461,30
1355,1.76E+15,36541392,1660,0.00083,30.18461,30
1356,1.76E+15,36566236,1654,0.000827,30.075509,30
1357,1.76E+15,36591080,1654,0.000827,30.075509,30
1358,1.76E+15,36615920,1660,0.00083,30.18461,30
1359,1.76E+15,36640756,1660,0.00083,30.18461,30
1360,1.76E+15,36665596,1654,0.000827,30.075509,30
1361,1.76E+15,36690436,1654,0.000827,30.075509,30
1362,1.76E+15,36715276,1660,0.00083,30.18461,30
1363,1.76E+15,36740124,1660,0.00083,30.18461,30
1364,1.76E+15,36764956,1654,0.000827,30.075509,30
1365,1.76E+15,36789800,1654,0.000827,30.075509,30
1366,1.76E+15,36814636,1659,0.0008295,30.1664265,30
1367,1.76E+15,36839484,1660,0.00083,30.18461,30
1368,1.76E+15,36864320,1654,0.000827,30.075509,30
1369,1.76E+15,36889156,1654,0.000827,30.075509,30
1370,1.76E+15,36913992,1660,0.00083,30.18461,30
1371,1.76E+15,36938832,1654,0.000827,30.075509,30
1372,1.76E+15,36963668,1654,0.000827,30.075509,30
1373,1.76E+15,36988508,1654,0.000827,30.075509,30
1374,1.76E+15,37013344,1660,0.00083,30.18461,30
1375,1.76E+15,37038188,1653,0.0008265,30.0573255,30
1376,1.76E+15,37063020,1654,0.000827,30.075509,30
1377,1.76E+15,37087860,1653,0.0008265,30.0573255,30
1378,1.76E+15,37112708,1660,0.00083,30.18461,30
1379,1.76E+15,37137552,1653,0.0008265,30.0573255,30
1380,1.76E+15,37162384,1653,0.0008265,30.0573255,30
1381,1.76E+15,37187228,1654,0.000827,30.075509,30
1382,1.76E+15,37212064,1661,0.0008305,30.2027935,30
1383,1.76E+15,37236908,1654,0.000827,30.075509,30
1384,1.76E+15,37261752,1654,0.000827,30.075509,30
1385,1.76E+15,37286588,1656,0.000828,30.111876,30
1386,1.76E+15,37311428,1660,0.00083,30.18461,30
1387,1.76E+15,37336268,1654,0.000827,30.075509,30
1388,1.76E+15,37361108,1654,0.000827,30.075509,30
1389,1.76E+15,37385952,1660,0.00083,30.18461,30
1390,1.76E+15,37410792,1659,0.0008295,30.1664265,30
1391,1.76E+15,37435628,1654,0.000827,30.075509,30
1392,1.76E+15,37460468,1654,0.000827,30.075509,30
1393,1.76E+15,37485312,1660,0.00083,30.18461,30
1394,1.76E+15,37510160,1660,0.00083,30.18461,30
1395,1.76E+15,37534996,1654,0.000827,30.075509,30
1396,1.76E+15,37559840,1654,0.000827,30.075509,30
1397,1.76E+15,37584684,1660,0.00083,30.18461,30
1398,1.76E+15,37609528,1660,0.00083,30.18461,30
1399,1.76E+15,37634364,1654,0.000827,30.075509,30
1400,1.76E+15,37659200,1654,0.000827,30.075509,30
1401,1.76E+15,37684040,1660,0.00083,30.18461,30
1402,1.76E+15,37708880,1654,0.000827,30.075509,30
1403,1.76E+15,37733716,1654,0.000827,30.075509,30
1404,1.76E+15,37758560,1654,0.000827,30.075509,30
1405,1.76E+15,37783400,1659,0.0008295,30.1664265,30
1406,1.76E+15,37808244,1654,0.000827,30.075509,30
1407,1.76E+15,37833076,1653,0.0008265,30.0573255,30
1408,1.76E+15,37857916,1653,0.0008265,30.0573255,30
1409,1.76E+15,37882764,1660,0.00083,30.18461,30
1410,1.76E+15,37907608,1654,0.000827,30.075509,30
1411,1.76E+15,37932440,1653,0.0008265,30.0573255,30
1412,1.76E+15,37957284,1654,0.000827,30.075509,30
1413,1.76E+15,37982128,1660,0.00083,30.18461,30
1414,1.76E+15,38007044,1733,0.0008665,31.5120055,30
1415,1.76E+15,38031916,1687,0.0008435,30.6755645,30
1416,1.76E+15,38056820,1724,0.000862,31.348354,30
1417,1.76E+15,38081744,1733,0.0008665,31.5120055,30
1418,1.76E+15,38106632,1703,0.0008515,30.9665005,30
1419,1.76E+15,38131552,1739,0.0008695,31.6211065,30
1420,1.76E+15,38156500,1764,0.000882,32.075694,30
1421,1.76E+15,38181544,1855,0.0009275,33.7303925,30
1422,1.76E+15,38206604,1870,0.000935,34.003145,
1423,1.76E+15,38231672,1885,0.0009425,34.2758975,
1424,1.76E+15,38256796,1931,0.0009655,35.1123385,
1425,1.76E+15,38281996,2022,0.001011,36.767037,
1426,1.76E+15,38307224,2038,0.001019,37.057973,
1427,1.76E+15,38332468,2053,0.0010265,37.3307255,
1428,1.76E+15,38357748,2096,0.001048,38.112616,
1429,1.76E+15,38383064,2124,0.001062,38.621754,
1430,1.76E+15,38408484,2231,0.0011155,40.5673885,
1431,1.76E+15,38433952,2279,0.0011395,41.4401965,
1432,1.76E+15,38459448,2312,0.001156,42.040252,
1433,1.76E+15,38484916,2285,0.0011425,41.5492975,
1434,1.76E+15,38510392,2285,0.0011425,41.5492975,
1435,1.76E+15,38535832,2258,0.001129,41.058343,
1436,1.76E+15,38561344,2326,0.001163,42.294821,
1437,1.76E+15,38586924,2392,0.001196,43.494932,
1438,1.76E+15,38612516,2406,0.001203,43.749501,
1439,1.76E+15,38638068,2366,0.001183,43.022161,
1440,1.76E+15,38663608,2353,0.0011765,42.7857755,
1441,1.76E+15,38689204,2406,0.001203,43.749501,
1442,1.76E+15,38714752,2360,0.00118,42.91306,
1443,1.76E+15,38740308,2360,0.00118,42.91306,
1444,1.76E+15,38765888,2387,0.0011935,43.4040145,
1445,1.76E+15,38791472,2386,0.001193,43.385831,
1446,1.76E+15,38817052,2387,0.0011935,43.4040145,
1447,1.76E+15,38842632,2386,0.001193,43.385831,
1448,1.76E+15,38868184,2360,0.00118,42.91306,
1449,1.76E+15,38893736,2359,0.0011795,42.8948765,
1450,1.76E+15,38919288,2359,0.0011795,42.8948765,
1451,1.76E+15,38944872,2400,0.0012,43.6404,
1452,1.76E+15,38970408,2352,0.001176,42.767592,
1453,1.76E+15,38995956,2366,0.001183,43.022161,
1454,1.76E+15,39021484,2339,0.0011695,42.5312065,
1455,1.76E+15,39047024,2353,0.0011765,42.7857755,
1456,1.76E+15,39072540,2326,0.001163,42.294821,
1457,1.76E+15,39098096,2366,0.001183,43.022161,
1458,1.76E+15,39123596,2312,0.001156,42.040252,
1459,1.76E+15,39149136,2352,0.001176,42.767592,
1460,1.76E+15,39174628,2299,0.0011495,41.8038665,
1461,1.76E+15,39200212,2393,0.0011965,43.5131155,
1462,1.76E+15,39225680,2285,0.0011425,41.5492975,40
1463,1.76E+15,39251124,2253,0.0011265,40.9674255,40
1464,1.76E+15,39276640,2319,0.0011595,42.1675365,40
1465,1.76E+15,39302096,2272,0.001136,41.312912,40
1466,1.76E+15,39327556,2272,0.001136,41.312912,40
1467,1.76E+15,39353024,2285,0.0011425,41.5492975,40
1468,1.76E+15,39378468,2259,0.0011295,41.0765265,40
1469,1.76E+15,39403888,2232,0.001116,40.585572,40
1470,1.76E+15,39429308,2225,0.0011125,40.4582875,40
1471,1.76E+15,39454816,2319,0.0011595,42.1675365,40
1472,1.76E+15,39480272,2272,0.001136,41.312912,40
1473,1.76E+15,39505704,2245,0.0011225,40.8219575,40
1474,1.76E+15,39531136,2244,0.001122,40.803774,40
1475,1.76E+15,39556572,2245,0.0011225,40.8219575,40
1476,1.76E+15,39582004,2244,0.001122,40.803774,40
1477,1.76E+15,39607436,2239,0.0011195,40.7128565,40
1478,1.76E+15,39632864,2244,0.001122,40.803774,40
1479,1.76E+15,39658296,2244,0.001122,40.803774,40
1480,1.76E+15,39683796,2312,0.001156,42.040252,40
1481,1.76E+15,39709268,2285,0.0011425,41.5492975,40
1482,1.76E+15,39734684,2231,0.0011155,40.5673885,40
1483,1.76E+15,39760104,2225,0.0011125,40.4582875,40
1484,1.76E+15,39785528,2231,0.0011155,40.5673885,40
1485,1.76E+15,39810940,2231,0.0011155,40.5673885,40
1486,1.76E+15,39836360,2231,0.0011155,40.5673885,40
1487,1.76E+15,39861780,2231,0.0011155,40.5673885,40
1488,1.76E+15,39887196,2231,0.0011155,40.5673885,40
1489,1.76E+15,39912620,2225,0.0011125,40.4582875,40
1490,1.76E+15,39938040,2231,0.0011155,40.5673885,40
1491,1.76E+15,39963452,2231,0.0011155,40.5673885,40
1492,1.76E+15,39988876,2231,0.0011155,40.5673885,40
1493,1.76E+15,40014292,2231,0.0011155,40.5673885,40
1494,1.76E+15,40039708,2231,0.0011155,40.5673885,40
1495,1.76E+15,40065124,2224,0.001112,40.440104,40
1496,1.76E+15,40090536,2231,0.0011155,40.5673885,40
1497,1.76E+15,40115948,2230,0.001115,40.549205,40
1498,1.76E+15,40141364,2231,0.0011155,40.5673885,40
1499,1.76E+15,40166784,2231,0.0011155,40.5673885,40
1500,1.76E+15,40192204,2225,0.0011125,40.4582875,40
1501,1.76E+15,40217628,2231,0.0011155,40.5673885,40
1502,1.76E+15,40243040,2231,0.0011155,40.5673885,40
1503,1.76E+15,40268456,2231,0.0011155,40.5673885,40
1504,1.76E+15,40293876,2231,0.0011155,40.5673885,40
1505,1.76E+15,40319296,2231,0.0011155,40.5673885,40
1506,1.76E+15,40344720,2226,0.001113,40.476471,40
1507,1.76E+15,40370136,2232,0.001116,40.585572,40
1508,1.76E+15,40395556,2231,0.0011155,40.5673885,40
1509,1.76E+15,40420972,2232,0.001116,40.585572,40
1510,1.76E+15,40446404,2232,0.001116,40.585572,40
1511,1.76E+15,40471824,2231,0.0011155,40.5673885,40
1512,1.76E+15,40497244,2225,0.0011125,40.4582875,40
1513,1.76E+15,40522656,2232,0.001116,40.585572,40
1514,1.76E+15,40548076,2231,0.0011155,40.5673885,40
1515,1.76E+15,40573496,2232,0.001116,40.585572,40
1516,1.76E+15,40598916,2230,0.001115,40.549205,40
1517,1.76E+15,40624340,2225,0.0011125,40.4582875,40
1518,1.76E+15,40649764,2231,0.0011155,40.5673885,40
1519,1.76E+15,40675176,2232,0.001116,40.585572,40
1520,1.76E+15,40700596,2232,0.001116,40.585572,40
1521,1.76E+15,40726020,2231,0.0011155,40.5673885,40
1522,1.76E+15,40751440,2232,0.001116,40.585572,40
1523,1.76E+15,40776864,2225,0.0011125,40.4582875,40
1524,1.76E+15,40802276,2231,0.0011155,40.5673885,40
1525,1.76E+15,40827696,2231,0.0011155,40.5673885,40
1526,1.76E+15,40853116,2232,0.001116,40.585572,40
1527,1.76E+15,40878540,2231,0.0011155,40.5673885,40
1528,1.76E+15,40903964,2231,0.0011155,40.5673885,40
1529,1.76E+15,40929384,2225,0.0011125,40.4582875,40
1530,1.76E+15,40954792,2231,0.0011155,40.5673885,40
1531,1.76E+15,40980212,2231,0.0011155,40.5673885,40
1532,1.76E+15,41005632,2231,0.0011155,40.5673885,40
1533,1.76E+15,41031048,2231,0.0011155,40.5673885,40
1534,1.76E+15,41056460,2225,0.0011125,40.4582875,40
1535,1.76E+15,41081884,2231,0.0011155,40.5673885,40
1536,1.76E+15,41107296,2231,0.0011155,40.5673885,40
1537,1.76E+15,41132716,2231,0.0011155,40.5673885,40
1538,1.76E+15,41158136,2231,0.0011155,40.5673885,40
1539,1.76E+15,41183556,2231,0.0011155,40.5673885,40
1540,1.76E+15,41208972,2225,0.0011125,40.4582875,40
1541,1.76E+15,41234380,2231,0.0011155,40.5673885,40
1542,1.76E+15,41259800,2231,0.0011155,40.5673885,40
1543,1.76E+15,41285220,2231,0.0011155,40.5673885,40
1544,1.76E+15,41310636,2231,0.0011155,40.5673885,40
1545,1.76E+15,41336056,2225,0.0011125,40.4582875,40
1546,1.76E+15,41361476,2225,0.0011125,40.4582875,40
1547,1.76E+15,41386888,2231,0.0011155,40.5673885,40
1548,1.76E+15,41412308,2231,0.0011155,40.5673885,40
1549,1.76E+15,41437724,2231,0.0011155,40.5673885,40
1550,1.76E+15,41463144,2231,0.0011155,40.5673885,40
1551,1.76E+15,41488560,2225,0.0011125,40.4582875,40
1552,1.76E+15,41513976,2231,0.0011155,40.5673885,40
1553,1.76E+15,41539396,2230,0.001115,40.549205,40
1554,1.76E+15,41564816,2231,0.0011155,40.5673885,40
1555,1.76E+15,41590236,2232,0.001116,40.585572,40
1556,1.76E+15,41615656,2232,0.001116,40.585572,40
1557,1.76E+15,41641072,2225,0.0011125,40.4582875,40
1558,1.76E+15,41666484,2232,0.001116,40.585572,40
1559,1.76E+15,41691904,2231,0.0011155,40.5673885,40
1560,1.76E+15,41717320,2231,0.0011155,40.5673885,40
1561,1.76E+15,41742744,2231,0.0011155,40.5673885,40
1562,1.76E+15,41768164,2225,0.0011125,40.4582875,40
1563,1.76E+15,41793588,2231,0.0011155,40.5673885,40
1564,1.76E+15,41819000,2231,0.0011155,40.5673885,40
1565,1.76E+15,41844416,2231,0.0011155,40.5673885,40
1566,1.76E+15,41869832,2231,0.0011155,40.5673885,40
1567,1.76E+15,41895252,2231,0.0011155,40.5673885,40
1568,1.76E+15,41920672,2225,0.0011125,40.4582875,40
1569,1.76E+15,41946080,2231,0.0011155,40.5673885,40
1570,1.76E+15,41971500,2231,0.0011155,40.5673885,40
1571,1.76E+15,41996912,2231,0.0011155,40.5673885,40
1572,1.76E+15,42022340,2231,0.0011155,40.5673885,40
1573,1.76E+15,42047756,2231,0.0011155,40.5673885,40
1574,1.76E+15,42073176,2225,0.0011125,40.4582875,40
1575,1.76E+15,42098588,2231,0.0011155,40.5673885,40
1576,1.76E+15,42123980,2204,0.001102,40.076434,40
1577,1.76E+15,42149356,2190,0.001095,39.821865,40
1578,1.76E+15,42174720,2178,0.001089,39.603663,40
1579,1.76E+15,42200104,2191,0.0010955,39.8400485,40
1580,1.76E+15,42225460,2177,0.0010885,39.5854795,40
1581,1.76E+15,42250840,2191,0.0010955,39.8400485,40
1582,1.76E+15,42276184,2163,0.0010815,39.3309105,40
1583,1.76E+15,42301536,2157,0.0010785,39.2218095,40
1584,1.76E+15,42326880,2164,0.001082,39.349094,40
1585,1.76E+15,42352232,2164,0.001082,39.349094,40
1586,1.76E+15,42377592,2164,0.001082,39.349094,40
1587,1.76E+15,42402944,2158,0.001079,39.239993,40
1588,1.76E+15,42428288,2164,0.001082,39.349094,40
1589,1.76E+15,42453640,2164,0.001082,39.349094,40
1590,1.76E+15,42478988,2164,0.001082,39.349094,40
1591,1.76E+15,42504336,2158,0.001079,39.239993,40
1592,1.76E+15,42529708,2191,0.0010955,39.8400485,40
1593,1.76E+15,42555096,2204,0.001102,40.076434,40
1594,1.76E+15,42580460,2177,0.0010885,39.5854795,
1595,1.76E+15,42605848,2204,0.001102,40.076434,
1596,1.76E+15,42631348,2306,0.001153,41.931151,
1597,1.76E+15,42656828,2285,0.0011425,41.5492975,
1598,1.76E+15,42682356,2352,0.001176,42.767592,
1599,1.76E+15,42707944,2406,0.001203,43.749501,
1600,1.76E+15,42733624,2487,0.0012435,45.2223645,
1601,1.76E+15,42759328,2516,0.001258,45.749686,
1602,1.76E+15,42785052,2539,0.0012695,46.1679065,
1603,1.76E+15,42810844,2598,0.001299,47.240733,
1604,1.76E+15,42836660,2628,0.001314,47.786238,
1605,1.76E+15,42862608,2756,0.001378,50.113726,50
1606,1.76E+15,42888592,2798,0.001399,50.877433,50
1607,1.76E+15,42914648,2867,0.0014335,52.1320945,50
1608,1.76E+15,42940676,2833,0.0014165,51.5138555,50
1609,1.76E+15,42966768,2897,0.0014485,52.6775995,50
1610,1.76E+15,42992872,2908,0.001454,52.877618,50
1611,1.76E+15,43019032,2968,0.001484,53.968628,50
1612,1.76E+15,43045216,2997,0.0014985,54.4959495,50
1613,1.76E+15,43071436,3027,0.0015135,55.0414545,50
1614,1.76E+15,43097660,3028,0.001514,55.059638,50
1615,1.76E+15,43123896,3047,0.0015235,55.4051245,50
1616,1.76E+15,43150176,3086,0.001543,56.114281,50
1617,1.76E+15,43176448,3077,0.0015385,55.9506295,50
1618,1.76E+15,43202752,3107,0.0015535,56.4961345,50
1619,1.76E+15,43229048,3106,0.001553,56.477951,50
1620,1.76E+15,43255320,3077,0.0015385,55.9506295,50
1621,1.76E+15,43281580,3067,0.0015335,55.7687945,50
1622,1.76E+15,43307832,3057,0.0015285,55.5869595,50
1623,1.76E+15,43334060,3036,0.001518,55.205106,50
1624,1.76E+15,43360308,3047,0.0015235,55.4051245,50
1625,1.76E+15,43386520,3027,0.0015135,55.0414545,50
1626,1.76E+15,43412720,3007,0.0015035,54.6777845,50
1627,1.76E+15,43438900,2987,0.0014935,54.3141145,50
1628,1.76E+15,43465064,2967,0.0014835,53.9504445,50
1629,1.76E+15,43491180,2927,0.0014635,53.2231045,50
1630,1.76E+15,43517284,2907,0.0014535,52.8594345,50
1631,1.76E+15,43543396,2917,0.0014585,53.0412695,50
1632,1.76E+15,43569464,2877,0.0014385,52.3139295,50
1633,1.76E+15,43595540,2887,0.0014435,52.4957645,50
1634,1.76E+15,43621592,2856,0.001428,51.932076,50
1635,1.76E+15,43647684,2897,0.0014485,52.6775995,50
1636,1.76E+15,43673748,2868,0.001434,52.150278,50
1637,1.76E+15,43699788,2856,0.001428,51.932076,50
1638,1.76E+15,43725844,2862,0.001431,52.041177,50
1639,1.76E+15,43751908,2878,0.001439,52.332113,50
1640,1.76E+15,43777924,2827,0.0014135,51.4047545,50
1641,1.76E+15,43803932,2821,0.0014105,51.2956535,50
1642,1.76E+15,43829972,2845,0.0014225,51.7320575,50
1643,1.76E+15,43856008,2844,0.001422,51.713874,50
1644,1.76E+15,43882060,2868,0.001434,52.150278,50
1645,1.76E+15,43908084,2838,0.001419,51.604773,50
1646,1.76E+15,43934108,2832,0.001416,51.495672,50
1647,1.76E+15,43960136,2832,0.001416,51.495672,50
1648,1.76E+15,43986180,2856,0.001428,51.932076,50
1649,1.76E+15,44012172,2797,0.0013985,50.8592495,50
1650,1.76E+15,44038164,2804,0.001402,50.986534,50
1651,1.76E+15,44064144,2797,0.0013985,50.8592495,50
1652,1.76E+15,44090160,2820,0.00141,51.27747,50
1653,1.76E+15,44116200,2845,0.0014225,51.7320575,50
1654,1.76E+15,44142232,2844,0.001422,51.713874,50
1655,1.76E+15,44168268,2844,0.001422,51.713874,50
1656,1.76E+15,44194300,2844,0.001422,51.713874,50
1657,1.76E+15,44220336,2850,0.001425,51.822975,50
1658,1.76E+15,44246376,2844,0.001422,51.713874,50
1659,1.76E+15,44272440,2867,0.0014335,52.1320945,50
1660,1.76E+15,44298500,2868,0.001434,52.150278,50
1661,1.76E+15,44324504,2809,0.0014045,51.0774515,50
1662,1.76E+15,44350508,2815,0.0014075,51.1865525,50
1663,1.76E+15,44376500,2809,0.0014045,51.0774515,50
1664,1.76E+15,44402504,2811,0.0014055,51.1138185,50
1665,1.76E+15,44428504,2809,0.0014045,51.0774515,50
1666,1.76E+15,44454504,2809,0.0014045,51.0774515,50
1667,1.76E+15,44480508,2815,0.0014075,51.1865525,50
1668,1.76E+15,44506512,2809,0.0014045,51.0774515,50
1669,1.76E+15,44532516,2808,0.001404,51.059268,50
1670,1.76E+15,44558520,2809,0.0014045,51.0774515,50
1671,1.76E+15,44584528,2810,0.001405,51.095635,50
1672,1.76E+15,44610528,2816,0.001408,51.204736,50
1673,1.76E+15,44636532,2809,0.0014045,51.0774515,50
1674,1.76E+15,44662560,2834,0.001417,51.532039,50
1675,1.76E+15,44688588,2833,0.0014165,51.5138555,50
1676,1.76E+15,44714592,2808,0.001404,51.059268,50
1677,1.76E+15,44740624,2839,0.0014195,51.6229565,50
1678,1.76E+15,44766648,2833,0.0014165,51.5138555,50
1679,1.76E+15,44792676,2839,0.0014195,51.6229565,50
1680,1.76E+15,44818700,2832,0.001416,51.495672,50
1681,1.76E+15,44844728,2832,0.001416,51.495672,50
1682,1.76E+15,44870704,2780,0.00139,50.55013,50
1683,1.76E+15,44896664,2774,0.001387,50.441029,50
1684,1.76E+15,44922632,2774,0.001387,50.441029,50
1685,1.76E+15,44948600,2774,0.001387,50.441029,50
1686,1.76E+15,44974560,2774,0.001387,50.441029,50
1687,1.76E+15,45000528,2780,0.00139,50.55013,50
1688,1.76E+15,45026496,2773,0.0013865,50.4228455,50
1689,1.76E+15,45052464,2774,0.001387,50.441029,50
1690,1.76E+15,45078432,2780,0.00139,50.55013,50
1691,1.76E+15,45104400,2774,0.001387,50.441029,50
1692,1.76E+15,45130368,2774,0.001387,50.441029,50
1693,1.76E+15,45156404,2838,0.001419,51.604773,50
1694,1.76E+15,45182364,2774,0.001387,50.441029,50
1695,1.76E+15,45208332,2774,0.001387,50.441029,50
1696,1.76E+15,45234296,2774,0.001387,50.441029,50
1697,1.76E+15,45260316,2832,0.001416,51.495672,50
1698,1.76E+15,45286284,2780,0.00139,50.55013,50
1699,1.76E+15,45312252,2774,0.001387,50.441029,50
1700,1.76E+15,45338220,2775,0.0013875,50.4592125,50
1701,1.76E+15,45364192,2780,0.00139,50.55013,50
1702,1.76E+15,45390160,2773,0.0013865,50.4228455,50
1703,1.76E+15,45416128,2774,0.001387,50.441029,50
1704,1.76E+15,45442156,2831,0.0014155,51.4774885,50
1705,1.76E+15,45468116,2774,0.001387,50.441029,50
1706,1.76E+15,45494084,2780,0.00139,50.55013,50
1707,1.76E+15,45520052,2774,0.001387,50.441029,50
1708,1.76E+15,45546020,2774,0.001387,50.441029,50
1709,1.76E+15,45571988,2780,0.00139,50.55013,50
1710,1.76E+15,45597956,2774,0.001387,50.441029,50
1711,1.76E+15,45623924,2774,0.001387,50.441029,50
1712,1.76E+15,45649900,2780,0.00139,50.55013,50
1713,1.76E+15,45675868,2774,0.001387,50.441029,50
1714,1.76E+15,45701840,2774,0.001387,50.441029,50
1715,1.76E+15,45727808,2779,0.0013895,50.5319465,50
1716,1.76E+15,45753768,2774,0.001387,50.441029,50
1717,1.76E+15,45779736,2774,0.001387,50.441029,50
1718,1.76E+15,45805704,2774,0.001387,50.441029,50
1719,1.76E+15,45831720,2832,0.001416,51.495672,50
1720,1.76E+15,45857744,2838,0.001419,51.604773,50
1721,1.76E+15,45883716,2774,0.001387,50.441029,50
1722,1.76E+15,45909680,2774,0.001387,50.441029,50
1723,1.76E+15,45935652,2779,0.0013895,50.5319465,50
1724,1.76E+15,45961616,2774,0.001387,50.441029,50
1725,1.76E+15,45987584,2774,0.001387,50.441029,50
1726,1.76E+15,46013552,2774,0.001387,50.441029,50
1727,1.76E+15,46039572,2831,0.0014155,51.4774885,50
1728,1.76E+15,46065540,2780,0.00139,50.55013,50
1729,1.76E+15,46091508,2774,0.001387,50.441029,50
1730,1.76E+15,46117476,2774,0.001387,50.441029,50
1731,1.76E+15,46143448,2780,0.00139,50.55013,50
1732,1.76E+15,46169416,2774,0.001387,50.441029,50
1733,1.76E+15,46195384,2775,0.0013875,50.4592125,50
1734,1.76E+15,46221360,2780,0.00139,50.55013,50
1735,1.76E+15,46247320,2775,0.0013875,50.4592125,50
1736,1.76E+15,46273288,2774,0.001387,50.441029,50
1737,1.76E+15,46299252,2774,0.001387,50.441029,50
1738,1.76E+15,46325212,2774,0.001387,50.441029,50
1739,1.76E+15,46351180,2780,0.00139,50.55013,50
1740,1.76E+15,46377148,2774,0.001387,50.441029,50
1741,1.76E+15,46403116,2774,0.001387,50.441029,50
1742,1.76E+15,46429084,2780,0.00139,50.55013,50
1743,1.76E+15,46455052,2774,0.001387,50.441029,50
1744,1.76E+15,46481020,2774,0.001387,50.441029,50
1745,1.76E+15,46506992,2780,0.00139,50.55013,50
1746,1.76E+15,46532960,2774,0.001387,50.441029,50
1747,1.76E+15,46558924,2773,0.0013865,50.4228455,50
1748,1.76E+15,46584948,2832,0.001416,51.495672,50
1749,1.76E+15,46610912,2774,0.001387,50.441029,50
1750,1.76E+15,46636880,2780,0.00139,50.55013,50
1751,1.76E+15,46662848,2774,0.001387,50.441029,50
1752,1.76E+15,46688816,2773,0.0013865,50.4228455,50
1753,1.76E+15,46714784,2780,0.00139,50.55013,50
1754,1.76E+15,46740752,2774,0.001387,50.441029,50
1755,1.76E+15,46766776,2832,0.001416,51.495672,50
1756,1.76E+15,46792748,2780,0.00139,50.55013,50
1757,1.76E+15,46818712,2774,0.001387,50.441029,50
1758,1.76E+15,46844680,2774,0.001387,50.441029,50
1759,1.76E+15,46870652,2774,0.001387,50.441029,50
1760,1.76E+15,46896616,2774,0.001387,50.441029,50
1761,1.76E+15,46922584,2780,0.00139,50.55013,50
1762,1.76E+15,46948552,2774,0.001387,50.441029,50
1763,1.76E+15,46974520,2774,0.001387,50.441029,50
1764,1.76E+15,47000544,2838,0.001419,51.604773,50
1765,1.76E+15,47026568,2832,0.001416,51.495672,50
1766,1.76E+15,47052536,2774,0.001387,50.441029,50
1767,1.76E+15,47078564,2832,0.001416,51.495672,50
1768,1.76E+15,47104532,2773,0.0013865,50.4228455,50
1769,1.76E+15,47130496,2780,0.00139,50.55013,50
1770,1.76E+15,47156464,2774,0.001387,50.441029,50
1771,1.76E+15,47182428,2774,0.001387,50.441029,50
1772,1.76E+15,47208400,2780,0.00139,50.55013,50
1773,1.76E+15,47234420,2832,0.001416,51.495672,50
1774,1.76E+15,47260388,2774,0.001387,50.441029,50
1775,1.76E+15,47286416,2832,0.001416,51.495672,50
1776,1.76E+15,47312436,2832,0.001416,51.495672,50
1777,1.76E+15,47338440,2816,0.001408,51.204736,50
1778,1.76E+15,47364432,2798,0.001399,50.877433,
1779,1.76E+15,47390504,2878,0.001439,52.332113,
1780,1.76E+15,47416588,2887,0.0014435,52.4957645,
1781,1.76E+15,47442684,2908,0.001454,52.877618,
1782,1.76E+15,47468808,2927,0.0014635,53.2231045,
1783,1.76E+15,47495024,3026,0.001513,55.023271,
1784,1.76E+15,47521268,3047,0.0015235,55.4051245,
1785,1.76E+15,47547556,3098,0.001549,56.332483,
1786,1.76E+15,47573928,3177,0.0015885,57.7689795,
1787,1.76E+15,47600348,3227,0.0016135,58.6781545,
1788,1.76E+15,47626784,3247,0.0016235,59.0418245,
1789,1.76E+15,47653268,3290,0.001645,59.823715,
1790,1.76E+15,47679792,3326,0.001663,60.478321,
1791,1.76E+15,47706336,3343,0.0016715,60.7874405,
1792,1.76E+15,47732936,3400,0.0017,61.8239,
1793,1.76E+15,47759568,3433,0.0017165,62.4239555,
1794,1.76E+15,47786224,3458,0.001729,62.878543,
1795,1.76E+15,47812900,3474,0.001737,63.169479,
1796,1.76E+15,47839568,3466,0.001733,63.024011,
1797,1.76E+15,47866264,3498,0.001749,63.605883,
1798,1.76E+15,47892960,3498,0.001749,63.605883,
1799,1.76E+15,47919660,3506,0.001753,63.751351,
1800,1.76E+15,47946360,3505,0.0017525,63.7331675,
1801,1.76E+15,47973032,3472,0.001736,63.133112,
1802,1.76E+15,47999696,3471,0.0017355,63.1149285,
1803,1.76E+15,48026380,3488,0.001744,63.424048,
1804,1.76E+15,48053076,3504,0.001752,63.714984,
1805,1.76E+15,48079748,3480,0.00174,63.27858,
1806,1.76E+15,48106392,3447,0.0017235,62.6785245,60
1807,1.76E+15,48133048,3464,0.001732,62.987644,60
1808,1.76E+15,48159704,3463,0.0017315,62.9694605,60
1809,1.76E+15,48186344,3447,0.0017235,62.6785245,60
1810,1.76E+15,48212960,3422,0.001711,62.223937,60
1811,1.76E+15,48239584,3430,0.001715,62.369405,60
1812,1.76E+15,48266172,3397,0.0016985,61.7693495,60
1813,1.76E+15,48292764,3398,0.001699,61.787533,60
1814,1.76E+15,48319348,3390,0.001695,61.642065,60
1815,1.76E+15,48345888,3348,0.001674,60.878358,60
1816,1.76E+15,48372448,3365,0.0016825,61.1874775,60
1817,1.76E+15,48398996,3355,0.0016775,61.0056425,60
1818,1.76E+15,48425512,3323,0.0016615,60.4237705,60
1819,1.76E+15,48452028,3324,0.001662,60.441954,60
1820,1.76E+15,48478544,3323,0.0016615,60.4237705,60
1821,1.76E+15,48505060,3318,0.001659,60.332853,60
1822,1.76E+15,48531576,3318,0.001659,60.332853,60
1823,1.76E+15,48558096,3323,0.0016615,60.4237705,60
1824,1.76E+15,48584608,3324,0.001662,60.441954,60
1825,1.76E+15,48611148,3348,0.001674,60.878358,60
1826,1.76E+15,48637700,3356,0.001678,61.023826,60
1827,1.76E+15,48664256,3357,0.0016785,61.0420095,60
1828,1.76E+15,48690808,3365,0.0016825,61.1874775,60
1829,1.76E+15,48717372,3365,0.0016825,61.1874775,60
1830,1.76E+15,48743928,3365,0.0016825,61.1874775,60
1831,1.76E+15,48770484,3365,0.0016825,61.1874775,60
1832,1.76E+15,48797044,3361,0.0016805,61.1147435,60
1833,1.76E+15,48823600,3359,0.0016795,61.0783765,60
1834,1.76E+15,48850160,3359,0.0016795,61.0783765,60
1835,1.76E+15,48876736,3376,0.001688,61.387496,60
1836,1.76E+15,48903288,3351,0.0016755,60.9329085,60
1837,1.76E+15,48929840,3358,0.001679,61.060193,60
1838,1.76E+15,48956380,3357,0.0016785,61.0420095,60
1839,1.76E+15,48982936,3357,0.0016785,61.0420095,60
1840,1.76E+15,49009488,3358,0.001679,61.060193,60
1841,1.76E+15,49036036,3357,0.0016785,61.0420095,60
1842,1.76E+15,49062592,3357,0.0016785,61.0420095,60
1843,1.76E+15,49089136,3350,0.001675,60.914725,60
1844,1.76E+15,49115660,3324,0.001662,60.441954,60
1845,1.76E+15,49142180,3324,0.001662,60.441954,60
1846,1.76E+15,49168704,3317,0.0016585,60.3146695,60
1847,1.76E+15,49195220,3318,0.001659,60.332853,60
1848,1.76E+15,49221736,3318,0.001659,60.332853,60
1849,1.76E+15,49248248,3324,0.001662,60.441954,60
1850,1.76E+15,49274768,3324,0.001662,60.441954,60
1851,1.76E+15,49301284,3324,0.001662,60.441954,60
1852,1.76E+15,49327804,3324,0.001662,60.441954,60
1853,1.76E+15,49354320,3323,0.0016615,60.4237705,60
1854,1.76E+15,49380840,3325,0.0016625,60.4601375,60
1855,1.76E+15,49407360,3324,0.001662,60.441954,60
1856,1.76E+15,49433880,3319,0.0016595,60.3510365,60
1857,1.76E+15,49460400,3318,0.001659,60.332853,60
1858,1.76E+15,49486916,3317,0.0016585,60.3146695,60
1859,1.76E+15,49513424,3324,0.001662,60.441954,60
1860,1.76E+15,49539944,3323,0.0016615,60.4237705,60
1861,1.76E+15,49566460,3324,0.001662,60.441954,60
1862,1.76E+15,49592980,3324,0.001662,60.441954,60
1863,1.76E+15,49619496,3325,0.0016625,60.4601375,60
1864,1.76E+15,49646012,3324,0.001662,60.441954,60
1865,1.76E+15,49672528,3324,0.001662,60.441954,60
1866,1.76E+15,49699048,3318,0.001659,60.332853,60
1867,1.76E+15,49725568,3318,0.001659,60.332853,60
1868,1.76E+15,49752084,3324,0.001662,60.441954,60
1869,1.76E+15,49778600,3324,0.001662,60.441954,60
1870,1.76E+15,49805116,3324,0.001662,60.441954,60
1871,1.76E+15,49831640,3325,0.0016625,60.4601375,60
1872,1.76E+15,49858152,3324,0.001662,60.441954,60
1873,1.76E+15,49884676,3324,0.001662,60.441954,60
1874,1.76E+15,49911196,3324,0.001662,60.441954,60
1875,1.76E+15,49937716,3318,0.001659,60.332853,60
1876,1.76E+15,49964236,3318,0.001659,60.332853,60
1877,1.76E+15,49990756,3319,0.0016595,60.3510365,60
1878,1.76E+15,50017264,3323,0.0016615,60.4237705,60
1879,1.76E+15,50043784,3325,0.0016625,60.4601375,60
1880,1.76E+15,50070304,3324,0.001662,60.441954,60
1881,1.76E+15,50096824,3324,0.001662,60.441954,60
1882,1.76E+15,50123340,3325,0.0016625,60.4601375,60
1883,1.76E+15,50149856,3323,0.0016615,60.4237705,60
1884,1.76E+15,50176372,3324,0.001662,60.441954,60
1885,1.76E+15,50202892,3318,0.001659,60.332853,60
1886,1.76E+15,50229408,3319,0.0016595,60.3510365,60
1887,1.76E+15,50255928,3324,0.001662,60.441954,60
1888,1.76E+15,50282436,3324,0.001662,60.441954,60
1889,1.76E+15,50308956,3324,0.001662,60.441954,60
1890,1.76E+15,50335472,3323,0.0016615,60.4237705,60
1891,1.76E+15,50361996,3324,0.001662,60.441954,60
1892,1.76E+15,50388516,3324,0.001662,60.441954,60
1893,1.76E+15,50415032,3324,0.001662,60.441954,60
1894,1.76E+15,50441552,3324,0.001662,60.441954,60
1895,1.76E+15,50468068,3318,0.001659,60.332853,60
1896,1.76E+15,50494588,3319,0.0016595,60.3510365,60
1897,1.76E+15,50521108,3325,0.0016625,60.4601375,60
1898,1.76E+15,50547620,3325,0.0016625,60.4601375,60
1899,1.76E+15,50574136,3324,0.001662,60.441954,60
1900,1.76E+15,50600656,3325,0.0016625,60.4601375,60
1901,1.76E+15,50627176,3324,0.001662,60.441954,60
1902,1.76E+15,50653704,3325,0.0016625,60.4601375,60
1903,1.76E+15,50680224,3324,0.001662,60.441954,60
1904,1.76E+15,50706740,3319,0.0016595,60.3510365,60
1905,1.76E+15,50733260,3317,0.0016585,60.3146695,60
1906,1.76E+15,50759780,3318,0.001659,60.332853,60
1907,1.76E+15,50786292,3324,0.001662,60.441954,60
1908,1.76E+15,50812812,3325,0.0016625,60.4601375,60
1909,1.76E+15,50839328,3324,0.001662,60.441954,60
1910,1.76E+15,50865844,3325,0.0016625,60.4601375,60
1911,1.76E+15,50892364,3325,0.0016625,60.4601375,60
1912,1.76E+15,50918888,3324,0.001662,60.441954,60
1913,1.76E+15,50945404,3323,0.0016615,60.4237705,60
1914,1.76E+15,50971924,3319,0.0016595,60.3510365,60
1915,1.76E+15,50998444,3318,0.001659,60.332853,60
1916,1.76E+15,51024964,3319,0.0016595,60.3510365,60
1917,1.76E+15,51051476,3324,0.001662,60.441954,60
1918,1.76E+15,51078000,3324,0.001662,60.441954,60
1919,1.76E+15,51104520,3325,0.0016625,60.4601375,60
1920,1.76E+15,51131040,3324,0.001662,60.441954,60
1921,1.76E+15,51157560,3324,0.001662,60.441954,60
1922,1.76E+15,51184084,3325,0.0016625,60.4601375,60
1923,1.76E+15,51210604,3325,0.0016625,60.4601375,60
1924,1.76E+15,51237116,3319,0.0016595,60.3510365,60
1925,1.76E+15,51263636,3318,0.001659,60.332853,60
1926,1.76E+15,51290156,3325,0.0016625,60.4601375,60
1927,1.76E+15,51316668,3324,0.001662,60.441954,60
1928,1.76E+15,51343184,3325,0.0016625,60.4601375,60
1929,1.76E+15,51369704,3325,0.0016625,60.4601375,60
1930,1.76E+15,51396220,3325,0.0016625,60.4601375,60
1931,1.76E+15,51422740,3325,0.0016625,60.4601375,60
1932,1.76E+15,51449256,3324,0.001662,60.441954,60
1933,1.76E+15,51475772,3318,0.001659,60.332853,60
1934,1.76E+15,51502292,3318,0.001659,60.332853,60
1935,1.76E+15,51528808,3318,0.001659,60.332853,60
1936,1.76E+15,51555320,3324,0.001662,60.441954,60
1937,1.76E+15,51581836,3325,0.0016625,60.4601375,60
1938,1.76E+15,51608356,3324,0.001662,60.441954,60
1939,1.76E+15,51634872,3324,0.001662,60.441954,60
1940,1.76E+15,51661388,3324,0.001662,60.441954,60
1941,1.76E+15,51687908,3324,0.001662,60.441954,60
1942,1.76E+15,51714424,3324,0.001662,60.441954,60
1943,1.76E+15,51740936,3318,0.001659,60.332853,60
1944,1.76E+15,51767452,3318,0.001659,60.332853,60
1945,1.76E+15,51793972,3324,0.001662,60.441954,60
1946,1.76E+15,51820480,3325,0.0016625,60.4601375,60
1947,1.76E+15,51846996,3324,0.001662,60.441954,60
1948,1.76E+15,51873516,3325,0.0016625,60.4601375,60
1949,1.76E+15,51900036,3324,0.001662,60.441954,60
1950,1.76E+15,51926556,3324,0.001662,60.441954,60
1951,1.76E+15,51953108,3357,0.0016785,61.0420095,
1952,1.76E+15,51979668,3365,0.0016825,61.1874775,
1953,1.76E+15,52006228,3359,0.0016795,61.0783765,
1954,1.76E+15,52032820,3393,0.0016965,61.6966155,
1955,1.76E+15,52059480,3459,0.0017295,62.8967265,
1956,1.76E+15,52086192,3508,0.001754,63.787718,
1957,1.76E+15,52112944,3550,0.001775,64.551425,
1958,1.76E+15,52139744,3604,0.001802,65.533334,
1959,1.76E+15,52166560,3621,0.0018105,65.8424535,
1960,1.76E+15,52193448,3688,0.001844,67.060748,
1961,1.76E+15,52220380,3730,0.001865,67.824455,
1962,1.76E+15,52247352,3777,0.0018885,68.6790795,
1963,1.76E+15,52274364,3812,0.001906,69.315502,
1964,1.76E+15,52301416,3846,0.001923,69.933741,
1965,1.76E+15,52328512,3888,0.001944,70.697448,
1966,1.76E+15,52355624,3919,0.0019595,71.2611365,
1967,1.76E+15,52382784,3959,0.0019795,71.9884765,
1968,1.76E+15,52409960,3985,0.0019925,72.4612475,
1969,1.76E+15,52437180,4009,0.0020045,72.8976515,
1970,1.76E+15,52464412,4035,0.0020175,73.3704225,
1971,1.76E+15,52491684,4077,0.0020385,74.1341295,
1972,1.76E+15,52518976,4092,0.002046,74.406882,
1973,1.76E+15,52546260,4092,0.002046,74.406882,
1974,1.76E+15,52573568,4108,0.002054,74.697818,
1975,1.76E+15,52600892,4124,0.002062,74.988754,
1976,1.76E+15,52628216,4135,0.0020675,75.1887725,
1977,1.76E+15,52655528,4114,0.002057,74.806919,
1978,1.76E+15,52682844,4107,0.0020535,74.6796345,
1979,1.76E+15,52710172,4135,0.0020675,75.1887725,
1980,1.76E+15,52737524,4150,0.002075,75.461525,
1981,1.76E+15,52764812,4094,0.002047,74.443249,
1982,1.76E+15,52792092,4088,0.002044,74.334148,
1983,1.76E+15,52819412,4124,0.002062,74.988754,
1984,1.76E+15,52846676,4067,0.0020335,73.9522945,
1985,1.76E+15,52873972,4103,0.0020515,74.6069005,
1986,1.76E+15,52901212,4042,0.002021,73.497707,
1987,1.76E+15,52928484,4072,0.002036,74.043212,70
1988,1.76E+15,52955720,4035,0.0020175,73.3704225,70
1989,1.76E+15,52982960,4043,0.0020215,73.5158905,70
1990,1.76E+15,53010168,4010,0.002005,72.915835,70
1991,1.76E+15,53037356,3992,0.001996,72.588532,70
1992,1.76E+15,53064532,3976,0.001988,72.297596,70
1993,1.76E+15,53091696,3960,0.00198,72.00666,70
1994,1.76E+15,53118844,3953,0.0019765,71.8793755,70
1995,1.76E+15,53145984,3943,0.0019715,71.6975405,70
1996,1.76E+15,53173116,3936,0.001968,71.570256,70
1997,1.76E+15,53200264,3951,0.0019755,71.8430085,70
1998,1.76E+15,53227392,3928,0.001964,71.424788,70
1999,1.76E+15,53254540,3945,0.0019725,71.7339075,70
2000,1.76E+15,53281656,3920,0.00196,71.27932,70
2001,1.76E+15,53308776,3919,0.0019595,71.2611365,70
2002,1.76E+15,53335920,3943,0.0019715,71.6975405,70
2003,1.76E+15,53363040,3920,0.00196,71.27932,70
2004,1.76E+15,53390160,3919,0.0019595,71.2611365,70
2005,1.76E+15,53417280,3920,0.00196,71.27932,70
2006,1.76E+15,53444396,3919,0.0019595,71.2611365,70
2007,1.76E+15,53471516,3920,0.00196,71.27932,70
2008,1.76E+15,53498636,3919,0.0019595,71.2611365,70
2009,1.76E+15,53525756,3920,0.00196,71.27932,70
2010,1.76E+15,53552876,3919,0.0019595,71.2611365,70
2011,1.76E+15,53579996,3919,0.0019595,71.2611365,70
2012,1.76E+15,53607116,3919,0.0019595,71.2611365,70
2013,1.76E+15,53634228,3919,0.0019595,71.2611365,70
2014,1.76E+15,53661348,3919,0.0019595,71.2611365,70
2015,1.76E+15,53688468,3919,0.0019595,71.2611365,70
2016,1.76E+15,53715580,3919,0.0019595,71.2611365,70
2017,1.76E+15,53742704,3919,0.0019595,71.2611365,70
2018,1.76E+15,53769820,3919,0.0019595,71.2611365,70
2019,1.76E+15,53796936,3919,0.0019595,71.2611365,70
2020,1.76E+15,53824048,3919,0.0019595,71.2611365,70
2021,1.76E+15,53851168,3925,0.0019625,71.3702375,70
2022,1.76E+15,53878276,3919,0.0019595,71.2611365,70
2023,1.76E+15,53905396,3926,0.001963,71.388421,70
2024,1.76E+15,53932516,3919,0.0019595,71.2611365,70
2025,1.76E+15,53959636,3926,0.001963,71.388421,70
2026,1.76E+15,53986756,3920,0.00196,71.27932,70
2027,1.76E+15,54013880,3926,0.001963,71.388421,70
2028,1.76E+15,54041000,3920,0.00196,71.27932,70
2029,1.76E+15,54068124,3920,0.00196,71.27932,70
2030,1.76E+15,54095244,3920,0.00196,71.27932,70
2031,1.76E+15,54122360,3920,0.00196,71.27932,70
2032,1.76E+15,54149480,3920,0.00196,71.27932,70
2033,1.76E+15,54176596,3920,0.00196,71.27932,70
2034,1.76E+15,54203716,3920,0.00196,71.27932,70
2035,1.76E+15,54230836,3919,0.0019595,71.2611365,70
2036,1.76E+15,54257956,3920,0.00196,71.27932,70
2037,1.76E+15,54285076,3921,0.0019605,71.2975035,70
2038,1.76E+15,54312196,3920,0.00196,71.27932,70
2039,1.76E+15,54339316,3920,0.00196,71.27932,70
2040,1.76E+15,54366436,3920,0.00196,71.27932,70
2041,1.76E+15,54393556,3920,0.00196,71.27932,70
2042,1.76E+15,54420676,3920,0.00196,71.27932,70
2043,1.76E+15,54447796,3920,0.00196,71.27932,70
2044,1.76E+15,54474916,3920,0.00196,71.27932,70
2045,1.76E+15,54502036,3920,0.00196,71.27932,70
2046,1.76E+15,54529156,3920,0.00196,71.27932,70
2047,1.76E+15,54556268,3919,0.0019595,71.2611365,70
2048,1.76E+15,54583392,3920,0.00196,71.27932,70
2049,1.76E+15,54610504,3920,0.00196,71.27932,70
2050,1.76E+15,54637628,3926,0.001963,71.388421,70
2051,1.76E+15,54664744,3920,0.00196,71.27932,70
2052,1.76E+15,54691872,3926,0.001963,71.388421,70
2053,1.76E+15,54718984,3920,0.00196,71.27932,70
2054,1.76E+15,54746108,3926,0.001963,71.388421,70
2055,1.76E+15,54773228,3920,0.00196,71.27932,70
2056,1.76E+15,54800348,3926,0.001963,71.388421,70
2057,1.76E+15,54827468,3920,0.00196,71.27932,70
2058,1.76E+15,54854588,3927,0.0019635,71.4066045,70
2059,1.76E+15,54881708,3918,0.001959,71.242953,70
2060,1.76E+15,54908828,3919,0.0019595,71.2611365,70
2061,1.76E+15,54935948,3920,0.00196,71.27932,70
2062,1.76E+15,54963064,3919,0.0019595,71.2611365,70
2063,1.76E+15,54990188,3919,0.0019595,71.2611365,70
2064,1.76E+15,55017308,3918,0.001959,71.242953,70
2065,1.76E+15,55044428,3920,0.00196,71.27932,70
2066,1.76E+15,55071544,3919,0.0019595,71.2611365,70
2067,1.76E+15,55098664,3920,0.00196,71.27932,70
2068,1.76E+15,55125788,3920,0.00196,71.27932,70
2069,1.76E+15,55152904,3920,0.00196,71.27932,70
2070,1.76E+15,55180024,3919,0.0019595,71.2611365,70
2071,1.76E+15,55207144,3919,0.0019595,71.2611365,70
2072,1.76E+15,55234260,3919,0.0019595,71.2611365,70
2073,1.76E+15,55261376,3919,0.0019595,71.2611365,70
2074,1.76E+15,55288496,3919,0.0019595,71.2611365,70
2075,1.76E+15,55315616,3919,0.0019595,71.2611365,70
2076,1.76E+15,55342732,3919,0.0019595,71.2611365,70
2077,1.76E+15,55369852,3919,0.0019595,71.2611365,70
2078,1.76E+15,55396960,3919,0.0019595,71.2611365,70
2079,1.76E+15,55424080,3919,0.0019595,71.2611365,70
2080,1.76E+15,55451192,3920,0.00196,71.27932,70
2081,1.76E+15,55478316,3926,0.001963,71.388421,70
2082,1.76E+15,55505436,3920,0.00196,71.27932,70
2083,1.76E+15,55532560,3925,0.0019625,71.3702375,70
2084,1.76E+15,55559676,3919,0.0019595,71.2611365,70
2085,1.76E+15,55586796,3926,0.001963,71.388421,70
2086,1.76E+15,55613916,3919,0.0019595,71.2611365,70
2087,1.76E+15,55641032,3925,0.0019625,71.3702375,70
2088,1.76E+15,55668156,3919,0.0019595,71.2611365,70
2089,1.76E+15,55695276,3926,0.001963,71.388421,70
2090,1.76E+15,55722396,3919,0.0019595,71.2611365,70
2091,1.76E+15,55749516,3920,0.00196,71.27932,70
2092,1.76E+15,55776636,3920,0.00196,71.27932,70
2093,1.76E+15,55803756,3919,0.0019595,71.2611365,70
2094,1.76E+15,55830872,3919,0.0019595,71.2611365,70
2095,1.76E+15,55857996,3919,0.0019595,71.2611365,70
2096,1.76E+15,55885116,3919,0.0019595,71.2611365,70
2097,1.76E+15,55912232,3919,0.0019595,71.2611365,70
2098,1.76E+15,55939348,3919,0.0019595,71.2611365,70
2099,1.76E+15,55966472,3919,0.0019595,71.2611365,70
2100,1.76E+15,55993596,3920,0.00196,71.27932,70
2101,1.76E+15,56020716,3919,0.0019595,71.2611365,70
2102,1.76E+15,56047836,3920,0.00196,71.27932,70
2103,1.76E+15,56074956,3920,0.00196,71.27932,70
2104,1.76E+15,56102076,3920,0.00196,71.27932,70
2105,1.76E+15,56129196,3920,0.00196,71.27932,70
2106,1.76E+15,56156316,3919,0.0019595,71.2611365,70
2107,1.76E+15,56183428,3919,0.0019595,71.2611365,70
2108,1.76E+15,56210548,3918,0.001959,71.242953,70
2109,1.76E+15,56237660,3919,0.0019595,71.2611365,70
2110,1.76E+15,56264780,3918,0.001959,71.242953,70
2111,1.76E+15,56291896,3920,0.00196,71.27932,70
2112,1.76E+15,56319020,3925,0.0019625,71.3702375,70
2113,1.76E+15,56346136,3919,0.0019595,71.2611365,70
2114,1.76E+15,56373264,3926,0.001963,71.388421,70
2115,1.76E+15,56400372,3918,0.001959,71.242953,70
2116,1.76E+15,56427488,3925,0.0019625,71.3702375,70
2117,1.76E+15,56454608,3919,0.0019595,71.2611365,70
2118,1.76E+15,56481728,3926,0.001963,71.388421,70
2119,1.76E+15,56508844,3919,0.0019595,71.2611365,70
2120,1.76E+15,56535964,3919,0.0019595,71.2611365,70
2121,1.76E+15,56563080,3919,0.0019595,71.2611365,70
2122,1.76E+15,56590204,3919,0.0019595,71.2611365,70
2123,1.76E+15,56617324,3918,0.001959,71.242953,70
2124,1.76E+15,56644444,3919,0.0019595,71.2611365,70
2125,1.76E+15,56671560,3918,0.001959,71.242953,70
2126,1.76E+15,56698676,3918,0.001959,71.242953,70
2127,1.76E+15,56725800,3919,0.0019595,71.2611365,70
2128,1.76E+15,56752920,3919,0.0019595,71.2611365,70
2129,1.76E+15,56780040,3920,0.00196,71.27932,70
2130,1.76E+15,56807160,3919,0.0019595,71.2611365,70
2131,1.76E+15,56834280,3919,0.0019595,71.2611365,70
2132,1.76E+15,56861400,3920,0.00196,71.27932,70
2133,1.76E+15,56888520,3919,0.0019595,71.2611365,70
2134,1.76E+15,56915640,3920,0.00196,71.27932,70
2135,1.76E+15,56942784,3944,0.001972,71.715724,70
2136,1.76E+15,56969912,3928,0.001964,71.424788,70
2137,1.76E+15,56997048,3936,0.001968,71.570256,70
2138,1.76E+15,57024192,3944,0.001972,71.715724,70
2139,1.76E+15,57051344,3952,0.001976,71.861192,70
2140,1.76E+15,57078516,3969,0.0019845,72.1703115,
2141,1.76E+15,57105712,3994,0.001997,72.624899,
2142,1.76E+15,57132968,4051,0.0020255,73.6613585,
2143,1.76E+15,57160236,4067,0.0020335,73.9522945,
2144,1.76E+15,57187552,4114,0.002057,74.806919,
2145,1.76E+15,57214912,4161,0.0020805,75.6615435,
2146,1.76E+15,57242324,4213,0.0021065,76.6070855,
2147,1.76E+15,57269788,4261,0.0021305,77.4798935,
2148,1.76E+15,57297296,4307,0.0021535,78.3163345,
2149,1.76E+15,57324856,4354,0.002177,79.170959,
2150,1.76E+15,57352488,4426,0.002213,80.480171,
2151,1.76E+15,57380144,4449,0.0022245,80.8983915,
2152,1.76E+15,57407844,4495,0.0022475,81.7348325,
2153,1.76E+15,57435612,4564,0.002282,82.989494,
2154,1.76E+15,57463420,4611,0.0023055,83.8441185,
2155,1.76E+15,57491248,4622,0.002311,84.044137,
2156,1.76E+15,57519100,4654,0.002327,84.626009,
2157,1.76E+15,57546984,4674,0.002337,84.989679,
2158,1.76E+15,57574884,4695,0.0023475,85.3715325,
2159,1.76E+15,57602800,4716,0.002358,85.753386,
2160,1.76E+15,57630728,4722,0.002361,85.862487,
2161,1.76E+15,57658668,4742,0.002371,86.226157,
2162,1.76E+15,57686616,4741,0.0023705,86.2079735,
2163,1.76E+15,57714544,4727,0.0023635,85.9534045,
2164,1.76E+15,57742464,4716,0.002358,85.753386,
2165,1.76E+15,57770400,4736,0.002368,86.117056,
2166,1.76E+15,57798336,4731,0.0023655,86.0261385,
2167,1.76E+15,57826264,4727,0.0023635,85.9534045,
2168,1.76E+15,57854156,4684,0.002342,85.171514,
2169,1.76E+15,57882052,4689,0.0023445,85.2624315,
2170,1.76E+15,57909928,4674,0.002337,84.989679,
2171,1.76E+15,57937788,4658,0.002329,84.698743,
2172,1.76E+15,57965632,4638,0.002319,84.335073,
2173,1.76E+15,57993444,4617,0.0023085,83.9532195,
2174,1.76E+15,58021248,4600,0.0023,83.6441,
2175,1.76E+15,58049044,4589,0.0022945,83.4440815,
2176,1.76E+15,58076824,4585,0.0022925,83.3713475,
2177,1.76E+15,58104600,4575,0.0022875,83.1895125,
2178,1.76E+15,58132368,4570,0.002285,83.098595,
2179,1.76E+15,58160140,4564,0.002282,82.989494,
2180,1.76E+15,58187896,4553,0.0022765,82.7894755,
2181,1.76E+15,58215640,4547,0.0022735,82.6803745,
2182,1.76E+15,58243388,4542,0.002271,82.589457,
2183,1.76E+15,58271132,4543,0.0022715,82.6076405,
2184,1.76E+15,58298876,4541,0.0022705,82.5712735,
2185,1.76E+15,58326620,4542,0.002271,82.589457,80
2186,1.76E+15,58354364,4543,0.0022715,82.6076405,80
2187,1.76E+15,58382104,4538,0.002269,82.516723,80
2188,1.76E+15,58409836,4533,0.0022665,82.4258055,80
2189,1.76E+15,58437540,4507,0.0022535,81.9530345,80
2190,1.76E+15,58465264,4527,0.0022635,82.3167045,80
2191,1.76E+15,58492976,4502,0.002251,81.862117,80
2192,1.76E+15,58520692,4516,0.002258,82.116686,80
2193,1.76E+15,58548412,4517,0.0022585,82.1348695,80
2194,1.76E+15,58576116,4495,0.0022475,81.7348325,80
2195,1.76E+15,58603812,4495,0.0022475,81.7348325,80
2196,1.76E+15,58631512,4496,0.002248,81.753016,80
2197,1.76E+15,58659236,4516,0.002258,82.116686,80
2198,1.76E+15,58686932,4490,0.002245,81.643915,80
2199,1.76E+15,58714624,4491,0.0022455,81.6620985,80
2200,1.76E+15,58742312,4491,0.0022455,81.6620985,80
2201,1.76E+15,58770008,4491,0.0022455,81.6620985,80
2202,1.76E+15,58797696,4490,0.002245,81.643915,80
2203,1.76E+15,58825388,4491,0.0022455,81.6620985,80
2204,1.76E+15,58853076,4490,0.002245,81.643915,80
2205,1.76E+15,58880772,4491,0.0022455,81.6620985,80
2206,1.76E+15,58908456,4491,0.0022455,81.6620985,80
2207,1.76E+15,58936144,4491,0.0022455,81.6620985,80
2208,1.76E+15,58963836,4491,0.0022455,81.6620985,80
2209,1.76E+15,58991528,4491,0.0022455,81.6620985,80
2210,1.76E+15,59019220,4491,0.0022455,81.6620985,80
2211,1.76E+15,59046904,4490,0.002245,81.643915,80
2212,1.76E+15,59074600,4491,0.0022455,81.6620985,80
2213,1.76E+15,59102284,4484,0.002242,81.534814,80
2214,1.76E+15,59129968,4484,0.002242,81.534814,80
2215,1.76E+15,59157652,4484,0.002242,81.534814,80
2216,1.76E+15,59185340,4484,0.002242,81.534814,80
2217,1.76E+15,59213032,4484,0.002242,81.534814,80
2218,1.76E+15,59240724,4485,0.0022425,81.5529975,80
2219,1.76E+15,59268416,4484,0.002242,81.534814,80
2220,1.76E+15,59296108,4484,0.002242,81.534814,80
2221,1.76E+15,59323796,4484,0.002242,81.534814,80
2222,1.76E+15,59351488,4485,0.0022425,81.5529975,80
2223,1.76E+15,59379180,4491,0.0022455,81.6620985,80
2224,1.76E+15,59406876,4491,0.0022455,81.6620985,80
2225,1.76E+15,59434568,4491,0.0022455,81.6620985,80
2226,1.76E+15,59462256,4491,0.0022455,81.6620985,80
2227,1.76E+15,59489952,4491,0.0022455,81.6620985,80
2228,1.76E+15,59517644,4491,0.0022455,81.6620985,80
2229,1.76E+15,59545336,4491,0.0022455,81.6620985,80
2230,1.76E+15,59573028,4491,0.0022455,81.6620985,80
2231,1.76E+15,59600720,4491,0.0022455,81.6620985,80
2232,1.76E+15,59628404,4491,0.0022455,81.6620985,80
2233,1.76E+15,59656092,4490,0.002245,81.643915,80
2234,1.76E+15,59683784,4491,0.0022455,81.6620985,80
2235,1.76E+15,59711476,4491,0.0022455,81.6620985,80
2236,1.76E+15,59739172,4491,0.0022455,81.6620985,80
2237,1.76E+15,59766856,4485,0.0022425,81.5529975,80
2238,1.76E+15,59794544,4485,0.0022425,81.5529975,80
2239,1.76E+15,59822228,4484,0.002242,81.534814,80
2240,1.76E+15,59849916,4485,0.0022425,81.5529975,80
2241,1.76E+15,59877604,4484,0.002242,81.534814,80
2242,1.76E+15,59905292,4483,0.0022415,81.5166305,80
2243,1.76E+15,59932984,4486,0.002243,81.571181,80
2244,1.76E+15,59960676,4485,0.0022425,81.5529975,80
2245,1.76E+15,59988368,4484,0.002242,81.534814,80
2246,1.76E+15,60016056,4484,0.002242,81.534814,80
2247,1.76E+15,60043748,4490,0.002245,81.643915,80
2248,1.76E+15,60071440,4492,0.002246,81.680282,80
2249,1.76E+15,60099128,4490,0.002245,81.643915,80
2250,1.76E+15,60126820,4491,0.0022455,81.6620985,80
2251,1.76E+15,60154516,4491,0.0022455,81.6620985,80
2252,1.76E+15,60182204,4491,0.0022455,81.6620985,80
2253,1.76E+15,60209896,4490,0.002245,81.643915,80
2254,1.76E+15,60237588,4490,0.002245,81.643915,80
2255,1.76E+15,60265276,4491,0.0022455,81.6620985,80
2256,1.76E+15,60292964,4491,0.0022455,81.6620985,80
2257,1.76E+15,60320656,4490,0.002245,81.643915,80
2258,1.76E+15,60348344,4491,0.0022455,81.6620985,80
2259,1.76E+15,60376036,4490,0.002245,81.643915,80
2260,1.76E+15,60403732,4491,0.0022455,81.6620985,80
2261,1.76E+15,60431420,4490,0.002245,81.643915,80
2262,1.76E+15,60459104,4483,0.0022415,81.5166305,80
2263,1.76E+15,60486788,4484,0.002242,81.534814,80
2264,1.76E+15,60514472,4484,0.002242,81.534814,80
2265,1.76E+15,60542164,4484,0.002242,81.534814,80
2266,1.76E+15,60569852,4483,0.0022415,81.5166305,80
2267,1.76E+15,60597540,4484,0.002242,81.534814,80
2268,1.76E+15,60625232,4484,0.002242,81.534814,80
2269,1.76E+15,60652924,4484,0.002242,81.534814,80
2270,1.76E+15,60680612,4485,0.0022425,81.5529975,80
2271,1.76E+15,60708304,4484,0.002242,81.534814,80
2272,1.76E+15,60735992,4490,0.002245,81.643915,80
2273,1.76E+15,60763684,4490,0.002245,81.643915,80
2274,1.76E+15,60791376,4490,0.002245,81.643915,80
2275,1.76E+15,60819064,4490,0.002245,81.643915,80
2276,1.76E+15,60846760,4491,0.0022455,81.6620985,80
2277,1.76E+15,60874452,4491,0.0022455,81.6620985,80
2278,1.76E+15,60902144,4491,0.0022455,81.6620985,80
2279,1.76E+15,60929836,4491,0.0022455,81.6620985,80
2280,1.76E+15,60957528,4491,0.0022455,81.6620985,80
2281,1.76E+15,60985220,4491,0.0022455,81.6620985,80
2282,1.76E+15,61012912,4491,0.0022455,81.6620985,80
2283,1.76E+15,61040600,4490,0.002245,81.643915,80
2284,1.76E+15,61068296,4491,0.0022455,81.6620985,80
2285,1.76E+15,61095988,4491,0.0022455,81.6620985,80
2286,1.76E+15,61123672,4484,0.002242,81.534814,80
2287,1.76E+15,61151356,4485,0.0022425,81.5529975,80
2288,1.76E+15,61179040,4485,0.0022425,81.5529975,80
2289,1.76E+15,61206732,4484,0.002242,81.534814,80
2290,1.76E+15,61234424,4485,0.0022425,81.5529975,80
2291,1.76E+15,61262116,4485,0.0022425,81.5529975,80
2292,1.76E+15,61289804,4485,0.0022425,81.5529975,80
2293,1.76E+15,61317496,4485,0.0022425,81.5529975,80
2294,1.76E+15,61345188,4484,0.002242,81.534814,80
2295,1.76E+15,61372876,4485,0.0022425,81.5529975,80
2296,1.76E+15,61400572,4491,0.0022455,81.6620985,80
2297,1.76E+15,61428268,4491,0.0022455,81.6620985,80
2298,1.76E+15,61455960,4491,0.0022455,81.6620985,80
2299,1.76E+15,61483648,4491,0.0022455,81.6620985,80
2300,1.76E+15,61511340,4491,0.0022455,81.6620985,80
2301,1.76E+15,61539028,4491,0.0022455,81.6620985,80
2302,1.76E+15,61566744,4512,0.002256,82.043952,80
2303,1.76E+15,61594432,4490,0.002245,81.643915,80
2304,1.76E+15,61622124,4491,0.0022455,81.6620985,80
2305,1.76E+15,61649808,4490,0.002245,81.643915,80
2306,1.76E+15,61677500,4491,0.0022455,81.6620985,80
2307,1.76E+15,61705188,4491,0.0022455,81.6620985,80
2308,1.76E+15,61732904,4512,0.002256,82.043952,80
2309,1.76E+15,61760592,4485,0.0022425,81.5529975,80
2310,1.76E+15,61788296,4506,0.002253,81.934851,80
2311,1.76E+15,61816000,4506,0.002253,81.934851,80
2312,1.76E+15,61843712,4506,0.002253,81.934851,80
2313,1.76E+15,61871428,4507,0.0022535,81.9530345,80
2314,1.76E+15,61899140,4506,0.002253,81.934851,80
2315,1.76E+15,61926852,4506,0.002253,81.934851,80
2316,1.76E+15,61954536,4485,0.0022425,81.5529975,80
2317,1.76E+15,61982216,4481,0.0022405,81.4802635,80
2318,1.76E+15,62009888,4475,0.0022375,81.3711625,80
2319,1.76E+15,62037548,4455,0.0022275,81.0074925,80
2320,1.76E+15,62065176,4428,0.002214,80.516538,
2321,1.76E+15,62092796,4419,0.0022095,80.3528865,
2322,1.76E+15,62120372,4377,0.0021885,79.5891795,
2323,1.76E+15,62147900,4324,0.002162,78.625454,
2324,1.76E+15,62175356,4250,0.002125,77.279875,
2325,1.76E+15,62202776,4224,0.002112,76.807104,
2326,1.76E+15,62230116,4140,0.00207,75.27969,
2327,1.76E+15,62257392,4072,0.002036,74.043212,
2328,1.76E+15,62284600,4001,0.0020005,72.7521835,
2329,1.76E+15,62311716,3920,0.00196,71.27932,
2330,1.76E+15,62338752,3837,0.0019185,69.7700895,
2331,1.76E+15,62365692,3743,0.0018715,68.0608405,
2332,1.76E+15,62392516,3622,0.001811,65.860637,
2333,1.76E+15,62419256,3540,0.00177,64.36959,
2334,1.76E+15,62445868,3417,0.0017085,62.1330195,
2335,1.76E+15,62472392,3326,0.001663,60.478321,
2336,1.76E+15,62498804,3217,0.0016085,58.4963195,
2337,1.76E+15,62525096,3098,0.001549,56.332483,
2338,1.76E+15,62551268,2977,0.0014885,54.1322795,
2339,1.76E+15,62577340,2878,0.001439,52.332113,
2340,1.76E+15,62603260,2732,0.001366,49.677322,
2341,1.76E+15,62629028,2575,0.0012875,46.8225125,
2342,1.76E+15,62654716,2493,0.0012465,45.3314655,
2343,1.76E+15,62680256,2346,0.001173,42.658491,
2344,1.76E+15,62705744,2293,0.0011465,41.6947655,
2345,1.76E+15,62731032,2110,0.001055,38.367185,
2346,1.76E+15,62756248,2023,0.0010115,36.7852205,
2347,1.76E+15,62781380,1946,0.000973,35.385091,
2348,1.76E+15,62806440,1870,0.000935,34.003145,
2349,1.76E+15,62831408,1779,0.0008895,32.3484465,
2350,1.76E+15,62856284,1687,0.0008435,30.6755645,
2351,1.76E+15,62881100,1637,0.0008185,29.7663895,
2352,1.76E+15,62905788,1501,0.0007505,27.2934335,
2353,1.76E+15,62930424,1456,0.000728,26.475176,
2354,1.76E+15,62954992,1388,0.000694,25.238698,
2355,1.76E+15,62979496,1321,0.0006605,24.0204035,
2356,1.76E+15,63003960,1279,0.0006395,23.2566965,
2357,1.76E+15,63028428,1279,0.0006395,23.2566965,
2358,1.76E+15,63052768,1154,0.000577,20.983759,
2359,1.76E+15,63077088,1136,0.000568,20.656456,
2360,1.76E+15,63101312,1042,0.000521,18.947207,
2361,1.76E+15,63125524,1024,0.000512,18.619904,
2362,1.76E+15,63149684,986,0.000493,17.928931,
2363,1.76E+15,63173828,1005,0.0005025,18.2744175,
2364,1.76E+15,63197960,949,0.0004745,17.2561415,
2365,1.76E+15,63222052,948,0.000474,17.237958,
2366,1.76E+15,63246140,948,0.000474,17.237958,
2367,1.76E+15,63270284,1004,0.000502,18.256234,
2368,1.76E+15,63294396,930,0.000465,16.910655,
2369,1.76E+15,63318520,985,0.0004925,17.9107475,
2370,1.76E+15,63342632,973,0.0004865,17.6925455,
2371,1.76E+15,63366696,930,0.000465,16.910655,
2372,1.76E+15,63390748,917,0.0004585,16.6742695,
2373,1.76E+15,63414748,871,0.0004355,15.8378285,
2374,1.76E+15,63438800,911,0.0004555,16.5651685,
2375,1.76E+15,63462708,771,0.0003855,14.0194785,
2376,1.76E+15,63486580,731,0.0003655,13.2921385,
2377,1.76E+15,63510412,697,0.0003485,12.6738995,
2378,1.76E+15,63534280,731,0.0003655,13.2921385,
2379,1.76E+15,63558100,691,0.0003455,12.5647985,
2380,1.76E+15,63581968,731,0.0003655,13.2921385,
2381,1.76E+15,63605784,677,0.0003385,12.3102295,
2382,1.76E+15,63629524,611,0.0003055,11.1101185,
2383,1.76E+15,63653292,631,0.0003155,11.4737885,
2384,1.76E+15,63677084,651,0.0003255,11.8374585,
2385,1.76E+15,63700820,598,0.000299,10.873733,
2386,1.76E+15,63724576,617,0.0003085,11.2192195,
2387,1.76E+15,63748320,611,0.0003055,11.1101185,
2388,1.76E+15,63772084,631,0.0003155,11.4737885,
2389,1.76E+15,63795792,571,0.0002855,10.3827785,
2390,1.76E+15,63819504,577,0.0002885,10.4918795,
2391,1.76E+15,63843232,597,0.0002985,10.8555495,
2392,1.76E+15,63866964,591,0.0002955,10.7464485,
2393,1.76E+15,63890688,591,0.0002955,10.7464485,
2394,1.76E+15,63914416,591,0.0002955,10.7464485,
2395,1.76E+15,63938144,591,0.0002955,10.7464485,
2396,1.76E+15,63961896,617,0.0003085,11.2192195,
2397,1.76E+15,63985644,617,0.0003085,11.2192195,
2398,1.76E+15,64009312,532,0.000266,9.673622,
2399,1.76E+15,64032968,531,0.0002655,9.6554385,
2400,1.76E+15,64056616,531,0.0002655,9.6554385,
2401,1.76E+15,64080364,611,0.0003055,11.1101185,
2402,1.76E+15,64104048,557,0.0002785,10.1282095,
2403,1.76E+15,64127732,558,0.000279,10.146393,
2404,1.76E+15,64151424,557,0.0002785,10.1282095,
2405,1.76E+15,64175188,631,0.0003155,11.4737885,
2406,1.76E+15,64198952,631,0.0003155,11.4737885,
2407,1.76E+15,64222720,631,0.0003155,11.4737885,
2408,1.76E+15,64246492,637,0.0003185,11.5828895,
2409,1.76E+15,64270260,637,0.0003185,11.5828895,
2410,1.76E+15,64294024,631,0.0003155,11.4737885,
2411,1.76E+15,64317784,631,0.0003155,11.4737885,
2412,1.76E+15,64341488,571,0.0002855,10.3827785,
2413,1.76E+15,64365260,637,0.0003185,11.5828895,
2414,1.76E+15,64389028,637,0.0003185,11.5828895,
2415,1.76E+15,64412792,631,0.0003155,11.4737885,
2416,1.76E+15,64436556,631,0.0003155,11.4737885,
2417,1.76E+15,64460324,631,0.0003155,11.4737885,
2418,1.76E+15,64484008,557,0.0002785,10.1282095,
2419,1.76E+15,64507704,557,0.0002785,10.1282095,
2420,1.76E+15,64531392,557,0.0002785,10.1282095,
2421,1.76E+15,64555080,551,0.0002755,10.0191085,
2422,1.76E+15,64578820,611,0.0003055,11.1101185,
2423,1.76E+15,64602564,611,0.0003055,11.1101185,
2424,1.76E+15,64626312,611,0.0003055,11.1101185,
2425,1.76E+15,64650060,617,0.0003085,11.2192195,
2426,1.76E+15,64673816,617,0.0003085,11.2192195,
2427,1.76E+15,64697556,611,0.0003055,11.1101185,
2428,1.76E+15,64721308,611,0.0003055,11.1101185,
2429,1.76E+15,64745052,611,0.0003055,11.1101185,
2430,1.76E+15,64768800,617,0.0003085,11.2192195,
2431,1.76E+15,64792548,617,0.0003085,11.2192195,
2432,1.76E+15,64816292,611,0.0003055,11.1101185,
2433,1.76E+15,64840032,611,0.0003055,11.1101185,
2434,1.76E+15,64863780,611,0.0003055,11.1101185,
2435,1.76E+15,64887528,617,0.0003085,11.2192195,
2436,1.76E+15,64911276,617,0.0003085,11.2192195,
2437,1.76E+15,64935024,611,0.0003055,11.1101185,
2438,1.76E+15,64958764,611,0.0003055,11.1101185,
2439,1.76E+15,64982536,630,0.000315,11.455605,
2440,1.76E+15,65006300,637,0.0003185,11.5828895,
2441,1.76E+15,65030072,637,0.0003185,11.5828895,
2442,1.76E+15,65053816,611,0.0003055,11.1101185,
2443,1.76E+15,65077580,631,0.0003155,11.4737885,
2444,1.76E+15,65101348,631,0.0003155,11.4737885,
2445,1.76E+15,65125116,638,0.000319,11.601073,
2446,1.76E+15,65148892,637,0.0003185,11.5828895,
2447,1.76E+15,65172660,631,0.0003155,11.4737885,
2448,1.76E+15,65196424,631,0.0003155,11.4737885,
2449,1.76E+15,65220196,631,0.0003155,11.4737885,
2450,1.76E+15,65243880,558,0.000279,10.146393,
2451,1.76E+15,65267648,637,0.0003185,11.5828895,
2452,1.76E+15,65291416,631,0.0003155,11.4737885,
2453,1.76E+15,65315180,631,0.0003155,11.4737885,
2454,1.76E+15,65338948,631,0.0003155,11.4737885,
2455,1.76E+15,65362716,637,0.0003185,11.5828895,
2456,1.76E+15,65386488,637,0.0003185,11.5828895,
2457,1.76E+15,65410252,631,0.0003155,11.4737885,
2458,1.76E+15,65434016,631,0.0003155,11.4737885,
2459,1.76E+15,65457780,631,0.0003155,11.4737885,
2460,1.76E+15,65481548,637,0.0003185,11.5828895,
2461,1.76E+15,65505324,637,0.0003185,11.5828895,
2462,1.76E+15,65529068,611,0.0003055,11.1101185,
2463,1.76E+15,65552836,631,0.0003155,11.4737885,
2464,1.76E+15,65576604,631,0.0003155,11.4737885,
2465,1.76E+15,65600376,637,0.0003185,11.5828895,
2466,1.76E+15,65624136,631,0.0003155,11.4737885,
2467,1.76E+15,65647884,631,0.0003155,11.4737885,
2468,1.76E+15,65671652,631,0.0003155,11.4737885,
2469,1.76E+15,65695420,637,0.0003185,11.5828895,
2470,1.76E+15,65719188,637,0.0003185,11.5828895,
2471,1.76E+15,65742956,631,0.0003155,11.4737885,
2472,1.76E+15,65766712,631,0.0003155,11.4737885,
2473,1.76E+15,65790480,631,0.0003155,11.4737885,
2474,1.76E+15,65814244,637,0.0003185,11.5828895,
2475,1.76E+15,65838012,637,0.0003185,11.5828895,
2476,1.76E+15,65861780,631,0.0003155,11.4737885,
2477,1.76E+15,65885540,631,0.0003155,11.4737885,
2478,1.76E+15,65909304,631,0.0003155,11.4737885,
2479,1.76E+15,65933072,637,0.0003185,11.5828895,
2480,1.76E+15,65956840,637,0.0003185,11.5828895,
2481,1.76E+15,65980604,631,0.0003155,11.4737885,
2482,1.76E+15,66004368,631,0.0003155,11.4737885,
2483,1.76E+15,66028136,631,0.0003155,11.4737885,
2484,1.76E+15,66051900,637,0.0003185,11.5828895,
2485,1.76E+15,66075672,637,0.0003185,11.5828895,
2486,1.76E+15,66099432,631,0.0003155,11.4737885,
2487,1.76E+15,66123196,631,0.0003155,11.4737885,
2488,1.76E+15,66146968,631,0.0003155,11.4737885,
2489,1.76E+15,66170740,637,0.0003185,11.5828895,
2490,1.76E+15,66194504,631,0.0003155,11.4737885,
2491,1.76E+15,66218264,631,0.0003155,11.4737885,
2492,1.76E+15,66242036,631,0.0003155,11.4737885,
2493,1.76E+15,66265804,637,0.0003185,11.5828895,
2494,1.76E+15,66289572,637,0.0003185,11.5828895,
2495,1.76E+15,66313340,631,0.0003155,11.4737885,
2496,1.76E+15,66337100,631,0.0003155,11.4737885,
2497,1.76E+15,66360872,631,0.0003155,11.4737885,
2498,1.76E+15,66384636,637,0.0003185,11.5828895,
2499,1.76E+15,66408404,637,0.0003185,11.5828895,
2500,1.76E+15,66432168,631,0.0003155,11.4737885,
2501,1.76E+15,66455928,631,0.0003155,11.4737885,
2502,1.76E+15,66479700,631,0.0003155,11.4737885,
2503,1.76E+15,66503464,637,0.0003185,11.5828895,
2504,1.76E+15,66527240,637,0.0003185,11.5828895,
2505,1.76E+15,66551004,631,0.0003155,11.4737885,
2506,1.76E+15,66574772,631,0.0003155,11.4737885,
2507,1.76E+15,66598540,631,0.0003155,11.4737885,
2508,1.76E+15,66622308,637,0.0003185,11.5828895,
2509,1.76E+15,66646080,634,0.000317,11.528339,
2510,1.76E+15,66669844,631,0.0003155,11.4737885,
2511,1.76E+15,66693612,631,0.0003155,11.4737885,
2512,1.76E+15,66717376,637,0.0003185,11.5828895,
2513,1.76E+15,66741148,637,0.0003185,11.5828895,
2514,1.76E+15,66764916,632,0.000316,11.491972,
2515,1.76E+15,66788668,631,0.0003155,11.4737885,
2516,1.76E+15,66812440,631,0.0003155,11.4737885,
2517,1.76E+15,66836204,637,0.0003185,11.5828895,
2518,1.76E+15,66859896,558,0.000279,10.146393,
2519,1.76E+15,66883664,631,0.0003155,11.4737885,
2520,1.76E+15,66907416,631,0.0003155,11.4737885,
2521,1.76E+15,66931188,631,0.0003155,11.4737885,
2522,1.76E+15,66954952,637,0.0003185,11.5828895,
2523,1.76E+15,66978720,637,0.0003185,11.5828895,
2524,1.76E+15,67002488,631,0.0003155,11.4737885,
2525,1.76E+15,67026248,631,0.0003155,11.4737885,
2526,1.76E+15,67050012,631,0.0003155,11.4737885,
2527,1.76E+15,67073784,637,0.0003185,11.5828895,
2528,1.76E+15,67097552,637,0.0003185,11.5828895,