Counter,Time (s),Temperature (C),Relative Humidity (%)
0.0,3.6259589195251465,23.9,46.0
1.0,5.6536338329315186,23.9,46.0
2.0,7.680905103683472,23.8,46.0
3.0,9.708518028259277,23.8,46.0
4.0,11.735994815826416,23.8,46.0
5.0,13.767457962036133,23.8,46.0
6.0,15.79485011100769,23.8,46.0
7.0,17.82231879234314,23.8,46.0
8.0,19.849729776382446,23.8,46.0
9.0,21.881187915802002,23.8,46.0
10.0,23.908311128616333,23.8,46.0
11.0,25.936012744903564,23.8,46.0
12.0,27.963493824005127,23.8,46.0
13.0,29.99490213394165,23.8,46.0
14.0,32.02233386039734,23.7,46.0
15.0,34.0497510433197,23.7,46.0
16.0,36.0772008895874,23.7,46.0
17.0,38.10462689399719,23.7,46.0
18.0,40.135709047317505,23.7,46.0
19.0,42.16348695755005,23.7,46.0
20.0,44.19092106819153,23.7,46.0
21.0,46.218395948410034,23.7,46.0
22.0,48.24981999397278,23.7,46.0
23.0,50.27713489532471,23.7,46.0
24.0,52.30471611022949,23.7,46.0
25.0,54.33207392692566,23.7,46.0
26.0,56.36345195770264,23.7,46.0
27.0,58.39096713066101,23.7,46.0
28.0,60.41844201087952,23.7,46.0
29.0,62.44591188430786,23.6,46.0
30.0,64.47730374336243,23.6,46.0
31.0,66.50443983078003,23.6,46.0
32.0,68.53195095062256,23.6,46.0
33.0,70.55914497375488,23.7,46.0
34.0,72.59105205535889,23.7,46.0
35.0,74.61853289604187,23.7,46.0
36.0,76.64598107337952,23.7,47.0
37.0,78.67341494560242,23.7,47.0
38.0,80.70481991767883,23.8,47.0
39.0,82.73223614692688,23.8,47.0
40.0,84.75963091850281,23.8,47.0
41.0,86.78692102432251,23.9,48.0
42.0,88.81456112861633,23.9,48.0
43.0,90.84601998329163,24.0,48.0
44.0,92.87326502799988,24.1,48.0
45.0,94.90081214904785,24.1,49.0
46.0,96.92822980880737,24.2,49.0
47.0,98.95568990707397,24.3,49.0
48.0,100.98706889152527,24.4,49.0
49.0,103.01432704925537,24.5,50.0
50.0,105.0416431427002,24.6,50.0
51.0,107.06923604011536,24.8,50.0
52.0,109.09683895111084,24.9,50.0
53.0,111.12424087524414,25.1,50.0
54.0,113.15570092201233,25.2,50.0
55.0,115.18309998512268,25.4,50.0
56.0,117.21058797836304,25.6,51.0
57.0,119.23759484291077,25.7,51.0
58.0,121.26945281028748,25.9,51.0
59.0,123.29689884185791,26.1,51.0
60.0,125.3242838382721,26.3,51.0
61.0,127.35173988342285,26.5,51.0
62.0,129.37917399406433,26.7,50.0
63.0,131.41038179397583,26.9,50.0
64.0,133.43777108192444,27.2,50.0
65.0,135.46545791625977,27.4,50.0
66.0,137.49299597740173,27.6,50.0
67.0,139.52421307563782,27.9,50.0
68.0,141.55176305770874,28.1,50.0
69.0,143.5788938999176,28.4,49.0
70.0,145.60620284080505,28.6,49.0
71.0,147.63368773460388,28.9,49.0
72.0,149.66518187522888,29.1,48.0
73.0,151.69301199913025,29.4,48.0
74.0,153.7204339504242,29.7,48.0
75.0,155.74785208702087,29.9,47.0
76.0,157.77929306030273,30.2,47.0
77.0,159.80661416053772,30.5,47.0
78.0,161.8342089653015,30.8,46.0
79.0,163.86120986938477,31.1,46.0
80.0,165.888995885849,31.3,45.0
81.0,167.92013907432556,31.6,45.0
82.0,169.94778490066528,31.9,44.0
83.0,171.97527503967285,32.2,43.0
84.0,174.00247502326965,32.5,43.0
85.0,176.03413105010986,32.8,42.0
86.0,178.06126999855042,33.0,42.0
87.0,180.08933210372925,33.3,41.0
88.0,182.11626291275024,33.6,41.0
89.0,184.14384698867798,33.9,40.0
90.0,186.17097187042236,34.2,40.0
91.0,188.2025969028473,34.4,39.0
92.0,190.2301709651947,34.7,38.0
93.0,192.2576458454132,35.0,38.0
94.0,194.2846977710724,35.3,37.0
95.0,196.31212091445923,35.6,37.0
96.0,198.3435800075531,35.8,36.0
97.0,200.37133502960205,36.1,35.0
98.0,202.39879393577576,36.4,35.0
99.0,204.42593383789062,36.6,34.0
100.0,206.45344281196594,36.9,33.0
101.0,208.4848120212555,37.2,33.0
102.0,210.51214599609375,37.4,32.0
103.0,212.5399088859558,37.7,32.0
104.0,214.5673418045044,38.0,31.0
105.0,216.5947709083557,38.2,30.0
106.0,218.62595105171204,38.5,30.0
107.0,220.6532187461853,38.7,29.0
108.0,222.68108701705933,39.0,29.0
109.0,224.70850586891174,39.2,28.0
110.0,226.73597073554993,39.5,27.0
111.0,228.76732087135315,39.7,27.0
112.0,230.7945249080658,39.9,26.0
113.0,232.82209992408752,40.2,26.0
114.0,234.8495979309082,40.4,25.0
115.0,236.8770649433136,40.7,25.0
116.0,238.90829300880432,40.9,24.0
117.0,240.93569993972778,41.1,24.0
118.0,242.96342396736145,41.4,23.0
119.0,244.99081301689148,41.6,23.0
120.0,247.01824378967285,41.8,22.0
121.0,249.0456919670105,42.0,22.0
122.0,251.07693791389465,42.2,21.0
123.0,253.1045479774475,42.5,21.0
124.0,255.13172698020935,42.7,20.0
125.0,257.1592741012573,42.9,20.0
126.0,259.19084906578064,43.1,19.0
127.0,261.21824383735657,43.3,19.0
128.0,263.2456920146942,43.5,18.0
129.0,265.27311396598816,43.7,18.0
130.0,267.3005950450897,43.9,17.0
131.0,269.3318347930908,44.1,17.0
132.0,271.35936093330383,44.3,16.0
133.0,273.38693404197693,44.5,16.0
134.0,275.41428399086,44.7,16.0
135.0,277.4413321018219,44.9,15.0
136.0,279.46891808509827,45.0,15.0
137.0,281.50066685676575,45.2,14.0
138.0,283.5280478000641,45.4,14.0
139.0,285.55547285079956,45.5,14.0
140.0,287.5829200744629,45.7,13.0
141.0,289.61430311203003,45.9,12.0
142.0,291.6417238712311,46.0,12.0
143.0,293.6692039966583,46.1,11.0
144.0,295.6963710784912,46.2,11.0
145.0,297.72378492355347,46.4,11.0
146.0,299.7554130554199,46.5,11.0
147.0,301.782586812973,46.6,10.0
148.0,303.8103597164154,46.6,10.0
149.0,305.8378150463104,46.7,9.0
150.0,307.86520504951477,46.8,9.0
151.0,309.89240288734436,46.8,8.0
152.0,311.92384004592896,46.9,8.0
153.0,313.95143389701843,46.9,8.0
154.0,315.97894310951233,46.9,7.0
155.0,318.00624108314514,47.0,7.0
156.0,320.0336310863495,47.0,7.0
157.0,322.0653851032257,47.0,7.0
158.0,324.09245014190674,46.9,6.0
159.0,326.12010979652405,46.9,6.0
160.0,328.1475329399109,46.9,6.0
161.0,330.1787431240082,46.8,6.0
162.0,332.20637011528015,46.8,6.0
163.0,334.2338709831238,46.7,6.0
164.0,336.2609980106354,46.7,5.0
165.0,338.2886028289795,46.6,5.0
166.0,340.32012915611267,46.5,5.0
167.0,342.34753799438477,46.4,5.0
168.0,344.3750059604645,46.3,5.0
169.0,346.4022490978241,46.2,5.0
170.0,348.42984986305237,46.2,5.0
171.0,350.461306810379,46.1,5.0
172.0,352.4887099266052,45.9,5.0
173.0,354.5161728858948,45.8,5.0
174.0,356.5436818599701,45.7,5.0
175.0,358.57112979888916,45.6,5.0
176.0,360.60264706611633,45.5,5.0
177.0,362.6302058696747,45.4,5.0
178.0,364.65744805336,45.2,5.0
179.0,366.68504881858826,45.1,5.0
180.0,368.7125577926636,45.0,5.0
181.0,370.73970007896423,44.8,5.0
182.0,372.77115297317505,44.7,5.0
183.0,374.7989339828491,44.5,5.0
184.0,376.826171875,44.4,6.0
185.0,378.8537549972534,44.2,6.0
186.0,380.88121604919434,44.1,6.0
187.0,382.9126989841461,43.9,6.0
188.0,384.93999004364014,43.8,6.0
189.0,386.9676077365875,43.6,6.0
190.0,388.99473094940186,43.5,6.0
191.0,391.02250385284424,43.3,6.0
192.0,393.05398392677307,43.2,6.0
193.0,395.08140802383423,43.0,7.0
194.0,397.1088168621063,42.9,7.0
195.0,399.1362807750702,42.7,7.0
196.0,401.16370701789856,42.6,7.0
197.0,403.1948039531708,42.4,7.0
198.0,405.22235083580017,42.2,7.0
199.0,407.2499327659607,42.1,7.0
200.0,409.2774758338928,41.9,8.0
201.0,411.30483388900757,41.8,8.0
202.0,413.3322069644928,41.6,8.0
203.0,415.36376786231995,41.5,8.0
204.0,417.3913059234619,41.3,8.0
205.0,419.418497800827,41.1,9.0
206.0,421.44579792022705,41.0,9.0
207.0,423.4735519886017,40.8,9.0
208.0,425.500972032547,40.7,9.0
209.0,427.5323951244354,40.5,9.0
210.0,429.5596170425415,40.3,10.0
211.0,431.5872209072113,40.2,10.0
212.0,433.61474990844727,40.0,10.0
213.0,435.6462609767914,39.9,10.0
214.0,437.673632144928,39.7,11.0
215.0,439.7010188102722,39.6,11.0
216.0,441.7286128997803,39.4,11.0
217.0,443.759859085083,39.3,11.0
218.0,445.78708577156067,39.1,11.0
219.0,447.8146529197693,39.0,11.0
220.0,449.8423707485199,38.8,12.0
221.0,451.86978578567505,38.7,12.0
222.0,453.9012279510498,38.5,12.0
223.0,455.9286470413208,38.4,12.0
224.0,457.9559829235077,38.3,12.0
225.0,459.98350381851196,38.1,13.0
226.0,462.01101899147034,38.0,13.0
227.0,464.04244208335876,37.8,13.0
228.0,466.06993293762207,37.7,13.0
229.0,468.09733510017395,37.5,13.0
230.0,470.12475991249084,37.4,14.0
231.0,472.152193069458,37.3,14.0
232.0,474.1836459636688,37.1,14.0
233.0,476.2109899520874,37.0,15.0
234.0,478.23856496810913,36.8,15.0
235.0,480.26596093177795,36.7,15.0
236.0,482.29346895217896,36.6,15.0
237.0,484.3247318267822,36.5,15.0
238.0,486.352059841156,36.3,16.0
239.0,488.3797969818115,36.2,16.0
240.0,490.40712785720825,36.1,16.0
241.0,492.4345738887787,35.9,16.0
242.0,494.46584606170654,35.8,16.0
243.0,496.4935119152069,35.7,17.0
244.0,498.52056407928467,35.6,17.0
245.0,500.5483977794647,35.4,17.0
246.0,502.57577300071716,35.3,17.0
247.0,504.60724997520447,35.2,17.0
248.0,506.6347978115082,35.1,18.0
249.0,508.66213512420654,35.0,18.0
250.0,510.6893730163574,34.9,18.0
251.0,512.717043876648,34.7,18.0
252.0,514.7480998039246,34.6,19.0
253.0,516.7759890556335,34.5,19.0
254.0,518.8030138015747,34.4,19.0
255.0,520.8303799629211,34.3,19.0
256.0,522.85782289505,34.2,20.0
257.0,524.8893661499023,34.1,20.0
258.0,526.9168128967285,34.0,20.0
259.0,528.944326877594,33.8,20.0
260.0,530.9720499515533,33.7,20.0
261.0,532.9990808963776,33.6,21.0
262.0,535.0305390357971,33.5,21.0
263.0,537.058100938797,33.4,21.0
264.0,539.0856521129608,33.3,21.0
265.0,541.1128718852997,33.2,21.0
266.0,543.1403388977051,33.1,21.0
267.0,545.1720237731934,33.0,22.0
268.0,547.1993329524994,32.9,22.0
269.0,549.2267220020294,32.8,22.0
270.0,551.2543549537659,32.7,22.0
271.0,553.2818470001221,32.6,22.0
272.0,555.3130609989166,32.5,22.0
273.0,557.340548992157,32.4,23.0
274.0,559.3679597377777,32.3,23.0
275.0,561.3953239917755,32.2,23.0
276.0,563.4230017662048,32.1,23.0
277.0,565.4505429267883,32.0,24.0
278.0,567.4818179607391,32.0,24.0
279.0,569.5091819763184,31.9,24.0
280.0,571.5368709564209,31.8,24.0
281.0,573.5640687942505,31.7,24.0
282.0,575.5954599380493,31.6,25.0
283.0,577.6227688789368,31.5,25.0
284.0,579.6505007743835,31.4,25.0
285.0,581.6778309345245,31.4,25.0
286.0,583.7093088626862,31.3,25.0
287.0,585.7369229793549,31.2,26.0
288.0,587.7640409469604,31.1,26.0
289.0,589.7915649414062,31.1,26.0
290.0,591.819109916687,31.0,26.0
291.0,593.8504011631012,30.9,26.0
292.0,595.8778681755066,30.8,26.0
293.0,597.9052438735962,30.7,26.0
294.0,599.932678937912,30.6,27.0
295.0,601.9641768932343,30.6,27.0
296.0,603.9916429519653,30.5,27.0
297.0,606.0190668106079,30.4,27.0
298.0,608.0464577674866,30.3,27.0
299.0,610.0779809951782,30.3,28.0
300.0,612.1054539680481,30.2,28.0
301.0,614.1330299377441,30.1,28.0
302.0,616.1602559089661,30.1,28.0
303.0,618.1878159046173,30.0,28.0
304.0,620.2192919254303,29.9,28.0
305.0,622.2466399669647,29.8,29.0
306.0,624.2741730213165,29.8,29.0
307.0,626.3016650676727,29.7,29.0
308.0,628.328999042511,29.6,29.0
309.0,630.3604409694672,29.6,29.0
310.0,632.3879129886627,29.5,29.0
311.0,634.4151849746704,29.4,29.0
312.0,636.4427757263184,29.4,30.0
313.0,638.4742548465729,29.3,30.0
314.0,640.5016610622406,29.3,30.0
315.0,642.5294108390808,29.2,30.0
316.0,644.5563547611237,29.1,31.0
317.0,646.5881359577179,29.1,31.0
318.0,648.615651845932,29.0,31.0
319.0,650.642951965332,28.9,31.0
320.0,652.6703927516937,28.9,31.0
321.0,654.7016677856445,28.8,31.0
322.0,656.7291929721832,28.8,31.0
323.0,658.7565698623657,28.7,31.0
324.0,660.7839398384094,28.6,31.0
325.0,662.8113930225372,28.6,31.0
326.0,664.8428308963776,28.5,32.0
327.0,666.8706078529358,28.5,32.0
328.0,668.8978219032288,28.4,32.0
329.0,670.925185918808,28.4,32.0
330.0,672.9525258541107,28.3,32.0
331.0,674.9801299571991,28.3,33.0
332.0,677.0115070343018,28.2,33.0
333.0,679.0389909744263,28.2,33.0
334.0,681.0665159225464,28.1,33.0
335.0,683.093878030777,28.1,33.0
336.0,685.1253230571747,28.0,33.0
337.0,687.1527278423309,28.0,33.0
338.0,689.1801609992981,27.9,33.0
339.0,691.2077429294586,27.9,33.0
340.0,693.2352998256683,27.8,34.0
341.0,695.2664430141449,27.8,34.0
342.0,697.293967962265,27.7,34.0
343.0,699.321487903595,27.7,34.0
344.0,701.348799943924,27.6,34.0
345.0,703.376354932785,27.6,34.0
346.0,705.4078199863434,27.5,34.0
347.0,707.4351780414581,27.5,34.0
348.0,709.4625408649445,27.4,35.0
349.0,711.4899940490723,27.4,35.0
350.0,713.5174758434296,27.3,35.0
351.0,715.5489838123322,27.3,35.0
352.0,717.5762598514557,27.3,35.0
353.0,719.603640794754,27.2,36.0
354.0,721.6312599182129,27.2,36.0
355.0,723.6585879325867,27.1,36.0
356.0,725.6860139369965,27.1,36.0
357.0,727.7177429199219,27.0,36.0
358.0,729.7451310157776,27.0,36.0
359.0,731.7726578712463,27.0,36.0
360.0,733.7997567653656,26.9,36.0
361.0,735.831563949585,26.9,36.0
362.0,737.8589379787445,26.8,36.0
363.0,739.8864789009094,26.8,36.0
364.0,741.9138889312744,26.8,36.0
365.0,743.9410419464111,26.7,37.0
366.0,745.9684088230133,26.7,37.0
367.0,747.9998857975006,26.6,37.0
368.0,750.0273821353912,26.6,37.0
369.0,752.0547640323639,26.6,37.0
370.0,754.0821487903595,26.5,37.0
371.0,756.1096498966217,26.5,37.0
372.0,758.1412308216095,26.5,37.0
373.0,760.168450832367,26.4,37.0
374.0,762.1959829330444,26.4,38.0
375.0,764.2234818935394,26.4,38.0
376.0,766.2509059906006,26.3,38.0
377.0,768.2823429107666,26.3,38.0
378.0,770.3097417354584,26.3,38.0
379.0,772.3375108242035,26.2,38.0
380.0,774.3647277355194,26.2,38.0
381.0,776.392110824585,26.2,38.0
382.0,778.4237678050995,26.1,39.0
383.0,780.4511361122131,26.1,39.0
384.0,782.4783709049225,26.1,39.0
385.0,784.5059008598328,26.0,39.0
386.0,786.5333020687103,26.0,39.0
387.0,788.5647330284119,26.0,39.0
388.0,790.592148065567,25.9,39.0
389.0,792.6194229125977,25.9,39.0
390.0,794.6470248699188,25.9,39.0
391.0,796.6744179725647,25.9,39.0
392.0,798.7058608531952,25.8,39.0
393.0,800.7334747314453,25.8,40.0
394.0,802.760822057724,25.8,40.0
395.0,804.7884130477905,25.7,40.0
396.0,806.8159220218658,25.7,40.0
397.0,808.8471639156342,25.7,40.0
398.0,810.8745820522308,25.6,40.0
399.0,812.9019830226898,25.6,40.0
400.0,814.929435968399,25.6,40.0
401.0,816.9568557739258,25.6,40.0
402.0,818.9885478019714,25.5,40.0
403.0,821.0156381130219,25.5,40.0
404.0,823.0430500507355,25.5,40.0
405.0,825.0707657337189,25.5,40.0
406.0,827.0981030464172,25.4,41.0
407.0,829.1295640468597,25.4,41.0
408.0,831.1569628715515,25.4,41.0
409.0,833.1845469474792,25.4,41.0
410.0,835.2117319107056,25.3,41.0
411.0,837.2391438484192,25.3,41.0
412.0,839.2709450721741,25.3,41.0
413.0,841.2981069087982,25.3,41.0
414.0,843.3256878852844,25.2,41.0
415.0,845.3531510829926,25.2,41.0
416.0,847.3807518482208,25.2,42.0
417.0,849.411838054657,25.2,42.0
418.0,851.4393727779388,25.1,42.0
419.0,853.4670219421387,25.1,42.0
420.0,855.4941759109497,25.1,42.0
421.0,857.5217349529266,25.1,42.0
422.0,859.5490689277649,25.1,42.0
423.0,861.5804748535156,25.0,42.0
424.0,863.6080751419067,25.0,42.0
425.0,865.6356508731842,25.0,42.0
426.0,867.662782907486,25.0,42.0
427.0,869.6903388500214,25.0,42.0
428.0,871.7218420505524,24.9,42.0
429.0,873.7492218017578,24.9,42.0
430.0,875.7767360210419,24.9,42.0
431.0,877.8043129444122,24.9,42.0
432.0,879.8314409255981,24.9,42.0
433.0,881.8632049560547,24.8,42.0
434.0,883.8903818130493,24.8,43.0
435.0,885.9178009033203,24.8,43.0
436.0,887.9455168247223,24.8,43.0
437.0,889.9728698730469,24.8,43.0
438.0,892.0044040679932,24.7,43.0
439.0,894.0319118499756,24.7,43.0
440.0,896.0589141845703,24.7,43.0
441.0,898.0867249965668,24.7,43.0
442.0,900.1139478683472,24.7,43.0
443.0,902.1452600955963,24.7,43.0
444.0,904.1727340221405,24.6,43.0
445.0,906.2000529766083,24.6,43.0
446.0,908.2275488376617,24.6,43.0
447.0,910.2591769695282,24.6,43.0
448.0,912.28679895401,24.6,43.0
449.0,914.3138809204102,24.6,43.0
450.0,916.3415508270264,24.5,43.0
451.0,918.369108915329,24.5,43.0
452.0,920.4006478786469,24.5,43.0
453.0,922.4279959201813,24.5,43.0
454.0,924.4551959037781,24.5,44.0
455.0,926.482901096344,24.5,44.0
456.0,928.5099740028381,24.4,44.0
457.0,930.5377669334412,24.4,44.0
458.0,932.5691919326782,24.4,44.0
459.0,934.5963170528412,24.4,44.0
460.0,936.6239109039307,24.4,44.0
461.0,938.6513381004333,24.4,44.0
462.0,940.6785969734192,24.4,44.0
463.0,942.7101299762726,24.3,44.0
464.0,944.7374439239502,24.3,44.0
465.0,946.7650859355927,24.3,45.0
466.0,948.7925200462341,24.3,45.0
467.0,950.8199288845062,24.3,45.0
468.0,952.8515689373016,24.3,45.0
469.0,954.8786671161652,24.3,45.0
470.0,956.9062490463257,24.2,45.0
471.0,958.9336500167847,24.2,45.0
472.0,960.9609639644623,24.2,45.0
473.0,962.99289894104,24.2,45.0
474.0,965.0201349258423,24.2,45.0
475.0,967.0473449230194,24.2,45.0
476.0,969.0747559070587,24.2,45.0
477.0,971.1020939350128,24.1,45.0
478.0,973.1338708400726,24.1,45.0
479.0,975.1611349582672,24.1,45.0
480.0,977.1887199878693,24.1,45.0
481.0,979.216166973114,24.1,45.0
482.0,981.2434029579163,24.1,45.0
483.0,983.2749300003052,24.1,45.0
484.0,985.3022680282593,24.1,45.0
485.0,987.3297128677368,24.1,45.0
486.0,989.3571500778198,24.0,45.0
487.0,991.3849539756775,24.0,45.0
488.0,993.4161028862,24.0,45.0
489.0,995.4435720443726,24.0,45.0
490.0,997.4713308811188,24.0,45.0
491.0,999.4983818531036,24.0,45.0
492.0,1001.5259900093079,24.0,45.0
493.0,1003.5531899929047,24.0,45.0
494.0,1005.5847799777985,23.9,45.0
495.0,1007.6122279167175,23.9,45.0
496.0,1009.6394839286804,23.9,46.0
497.0,1011.6670091152191,23.9,46.0
498.0,1013.6985349655151,23.9,46.0
499.0,1015.725909948349,23.9,46.0
500.0,1017.7535009384155,23.9,46.0
501.0,1019.7809579372406,23.9,46.0
502.0,1021.8122429847717,23.9,46.0
503.0,1023.8396601676941,23.9,46.0
504.0,1025.8672189712524,23.9,46.0
505.0,1027.8945820331573,23.8,46.0
506.0,1029.926050901413,23.8,46.0
507.0,1031.9537789821625,23.8,46.0
508.0,1033.981106042862,23.8,46.0
509.0,1036.008398771286,23.8,46.0
510.0,1038.0360877513885,23.8,46.0
511.0,1040.0673279762268,23.8,46.0
512.0,1042.0946991443634,23.8,46.0
513.0,1044.1221508979797,23.8,46.0
514.0,1046.1497747898102,23.7,46.0
515.0,1048.1811227798462,23.7,46.0
516.0,1050.208524942398,23.7,46.0
517.0,1052.2359409332275,23.7,46.0
518.0,1054.2637288570404,23.7,46.0
519.0,1056.294781923294,23.7,46.0
520.0,1058.3224458694458,23.7,46.0
521.0,1060.3497800827026,23.7,46.0
522.0,1062.3771109580994,23.7,46.0
523.0,1064.4090268611908,23.7,46.0
524.0,1066.4363589286804,23.7,46.0
525.0,1068.4635529518127,23.6,46.0
526.0,1070.4909009933472,23.6,46.0
527.0,1072.518583059311,23.6,46.0
528.0,1074.5499370098114,23.6,46.0
529.0,1076.5772428512573,23.6,46.0
530.0,1078.6047508716583,23.6,46.0
531.0,1080.6322848796844,23.6,46.0
532.0,1082.6637780666351,23.6,46.0
533.0,1084.6909809112549,23.6,46.0
534.0,1086.7184760570526,23.6,46.0
535.0,1088.7460010051727,23.6,46.0
536.0,1090.7773377895355,23.6,46.0
537.0,1092.8048341274261,23.6,46.0
538.0,1094.8324749469757,23.6,46.0
539.0,1096.8596408367157,23.5,46.0
540.0,1098.891212940216,23.5,46.0
541.0,1100.9188821315765,23.5,46.0
542.0,1102.9460179805756,23.5,46.0
543.0,1104.9734148979187,23.5,46.0
544.0,1107.0050477981567,23.5,46.0
545.0,1109.0324528217316,23.5,46.0
546.0,1111.0599479675293,23.5,46.0
547.0,1113.0871999263763,23.5,47.0
548.0,1115.114807844162,23.5,47.0
549.0,1117.1461248397827,23.5,47.0
550.0,1119.1734590530396,23.5,47.0
551.0,1121.2010231018066,23.5,47.0
552.0,1123.2284269332886,23.4,47.0
553.0,1125.2598958015442,23.4,47.0
554.0,1127.287635087967,23.4,47.0
555.0,1129.314717054367,23.4,47.0
556.0,1131.342167854309,23.4,47.0
557.0,1133.373724937439,23.4,47.0
558.0,1135.4011769294739,23.4,47.0
559.0,1137.4285230636597,23.4,47.0
560.0,1139.455950975418,23.4,47.0
561.0,1141.4875798225403,23.4,47.0
562.0,1143.5148429870605,23.4,47.0
563.0,1145.542366027832,23.4,47.0
564.0,1147.569746017456,23.4,47.0
565.0,1149.597111940384,23.4,47.0
566.0,1151.628968000412,23.4,47.0
567.0,1153.6563138961792,23.4,47.0
568.0,1155.6837358474731,23.4,47.0
569.0,1157.711298942566,23.4,47.0
570.0,1159.7426681518555,23.3,47.0
571.0,1161.7699239253998,23.3,47.0
572.0,1163.7976369857788,23.3,47.0
573.0,1165.8249008655548,23.3,47.0
574.0,1167.8562078475952,23.3,47.0
575.0,1169.8837230205536,23.3,47.0
576.0,1171.9111077785492,23.3,47.0
577.0,1173.9387249946594,23.3,47.0
578.0,1175.9700071811676,23.3,47.0
579.0,1177.9973549842834,23.3,47.0
580.0,1180.0248620510101,23.3,47.0
581.0,1182.0523850917816,23.3,47.0
582.0,1184.0837898254395,23.3,47.0
583.0,1186.111200094223,23.3,47.0
584.0,1188.1388518810272,23.3,47.0
585.0,1190.1660890579224,23.3,47.0
586.0,1192.197438955307,23.3,47.0
587.0,1194.224937915802,23.3,47.0
588.0,1196.2524087429047,23.3,48.0
589.0,1198.2799739837646,23.2,48.0
590.0,1200.307193994522,23.2,48.0
591.0,1202.3387730121613,23.2,48.0
592.0,1204.3661551475525,23.2,48.0
593.0,1206.393534898758,23.2,48.0
594.0,1208.421010017395,23.2,48.0
595.0,1210.4486999511719,23.2,48.0
596.0,1212.4798920154572,23.2,48.0
597.0,1214.5072989463806,23.2,48.0
598.0,1216.534742116928,23.2,48.0
599.0,1218.5621960163116,23.2,48.0
600.0,1220.589740037918,23.2,48.0
601.0,1222.6212799549103,23.2,48.0
602.0,1224.6487638950348,23.2,48.0
603.0,1226.675987958908,23.2,48.0
604.0,1228.7037830352783,23.2,48.0
605.0,1230.7308728694916,23.2,48.0
606.0,1232.7623660564423,23.2,48.0
607.0,1234.7898349761963,23.2,48.0
608.0,1236.8175230026245,23.2,48.0
609.0,1238.8449549674988,23.2,48.0
610.0,1240.872241973877,23.2,48.0
611.0,1242.9036428928375,23.2,48.0
612.0,1244.9310400485992,23.1,48.0
613.0,1246.9584259986877,23.1,48.0
614.0,1248.986230134964,23.1,48.0
615.0,1251.0133798122406,23.1,48.0
616.0,1253.0406148433685,23.1,48.0
617.0,1255.0723359584808,23.1,48.0
618.0,1257.0998890399933,23.1,48.0
619.0,1259.1269881725311,23.1,48.0
620.0,1261.1545128822327,23.1,48.0
621.0,1263.1821568012238,23.1,48.0
622.0,1265.213495016098,23.1,48.0
623.0,1267.2407109737396,23.1,48.0
624.0,1269.2684860229492,23.1,48.0
625.0,1271.2956869602203,23.1,48.0
626.0,1273.3232688903809,23.1,48.0
627.0,1275.35471701622,23.1,48.0
628.0,1277.381916999817,23.1,48.0
629.0,1279.4095690250397,23.1,48.0
630.0,1281.4369070529938,23.1,48.0
631.0,1283.4643337726593,23.1,48.0
632.0,1285.4917030334473,23.1,48.0
633.0,1287.5232889652252,23.1,48.0
634.0,1289.550509929657,23.1,48.0
635.0,1291.5780320167542,23.1,48.0
636.0,1293.6055119037628,23.1,48.0
637.0,1295.6327879428864,23.1,48.0
638.0,1297.6643199920654,23.1,48.0
639.0,1299.69176197052,23.1,48.0
640.0,1301.7195239067078,23.1,48.0
641.0,1303.746584892273,23.1,48.0
642.0,1305.774111032486,23.0,48.0
643.0,1307.801768064499,23.0,48.0
644.0,1309.8330359458923,23.0,48.0
645.0,1311.860379934311,23.0,48.0
646.0,1313.8879809379578,23.0,48.0
647.0,1315.915272951126,23.0,48.0
648.0,1317.9426469802856,23.0,48.0
649.0,1319.9745500087738,23.0,48.0
650.0,1322.0018141269684,23.0,48.0
651.0,1324.029126882553,23.0,48.0
652.0,1326.056704044342,23.0,48.0
653.0,1328.084203004837,23.0,48.0
654.0,1330.1155531406403,23.0,48.0
655.0,1332.142793893814,23.0,48.0
656.0,1334.1702091693878,23.0,48.0
657.0,1336.1976828575134,23.0,48.0
658.0,1338.2252049446106,23.0,48.0
659.0,1340.2565138339996,23.0,48.0
660.0,1342.2839279174805,23.0,48.0
661.0,1344.3114008903503,23.0,48.0
662.0,1346.3389089107513,23.0,48.0
663.0,1348.3663918972015,23.0,48.0
664.0,1350.3979289531708,23.0,48.0
665.0,1352.4251549243927,23.0,48.0
666.0,1354.452908039093,23.0,48.0
667.0,1356.4802508354187,23.0,48.0
668.0,1358.5075228214264,23.0,48.0
669.0,1360.5350909233093,23.0,48.0
670.0,1362.5667328834534,23.0,48.0
671.0,1364.5938408374786,23.0,48.0
672.0,1366.6212391853333,23.0,48.0
673.0,1368.648666858673,23.0,48.0
674.0,1370.676199913025,22.9,48.0
675.0,1372.707603931427,22.9,48.0
676.0,1374.7351078987122,22.9,48.0
677.0,1376.7625291347504,22.9,48.0
678.0,1378.7899069786072,22.9,48.0
679.0,1380.8213720321655,22.9,48.0
680.0,1382.8488869667053,22.9,48.0
681.0,1384.8762969970703,22.9,48.0
682.0,1386.9039471149445,22.9,48.0
683.0,1388.931450843811,22.9,48.0
684.0,1390.9625878334045,22.9,48.0
685.0,1392.99014878273,22.9,48.0
686.0,1395.017826795578,22.9,48.0
687.0,1397.0449159145355,22.9,48.0
688.0,1399.0764281749725,22.9,48.0
689.0,1401.1036899089813,22.9,48.0
690.0,1403.1311838626862,22.9,48.0
691.0,1405.1586618423462,22.9,48.0
692.0,1407.1863520145416,22.9,48.0
693.0,1409.2177028656006,22.9,48.0
694.0,1411.2453241348267,22.9,48.0
695.0,1413.2724449634552,22.9,48.0
696.0,1415.2997369766235,22.9,48.0
697.0,1417.3272137641907,22.9,48.0
698.0,1419.3587129116058,22.9,48.0
699.0,1421.3865959644318,22.9,48.0
700.0,1423.413675069809,22.9,48.0
701.0,1425.4434790611267,22.9,48.0
702.0,1427.4724848270416,22.9,48.0
703.0,1429.4998559951782,22.9,48.0
704.0,1431.5274488925934,22.9,48.0
705.0,1433.5548150539398,22.9,48.0
706.0,1435.5830869674683,22.9,48.0
707.0,1437.6137590408325,22.9,48.0
708.0,1439.6411788463593,22.9,48.0
709.0,1441.6686301231384,22.9,48.0
710.0,1443.695972919464,22.9,48.0
711.0,1445.7274408340454,22.9,48.0
712.0,1447.7549769878387,22.9,48.0
713.0,1449.7824409008026,22.9,48.0
714.0,1451.8101408481598,22.9,48.0
715.0,1453.8372130393982,22.9,48.0
716.0,1455.868903875351,22.9,48.0
717.0,1457.8961579799652,22.9,48.0
718.0,1459.923572063446,22.9,48.0
719.0,1461.9510259628296,22.9,48.0
720.0,1463.9824788570404,22.9,48.0
721.0,1466.009906053543,22.9,48.0
722.0,1468.0375900268555,22.9,48.0
723.0,1470.0649721622467,22.9,48.0
724.0,1472.0922849178314,22.9,48.0
725.0,1474.1239581108093,22.9,48.0
726.0,1476.1515028476715,22.9,48.0
727.0,1478.178734779358,22.8,48.0
728.0,1480.2058918476105,22.8,48.0
729.0,1482.233729839325,22.8,48.0
730.0,1484.2651720046997,22.8,48.0
731.0,1486.2926399707794,22.8,48.0
732.0,1488.3201217651367,22.8,48.0
733.0,1490.347041130066,22.8,48.0
734.0,1492.3745138645172,22.8,48.0
735.0,1494.4061350822449,22.8,48.0
736.0,1496.4334599971771,22.8,48.0
737.0,1498.460973739624,22.8,48.0
738.0,1500.4882969856262,22.8,48.0
739.0,1502.5158638954163,22.8,48.0
740.0,1504.5472600460052,22.8,48.0
741.0,1506.5748670101166,22.8,48.0
742.0,1508.6024808883667,22.8,48.0
743.0,1510.6297690868378,22.8,48.0
744.0,1512.6570389270782,22.8,48.0
745.0,1514.6886417865753,22.8,48.0
746.0,1516.7161929607391,22.8,48.0
747.0,1518.7433128356934,22.8,48.0
748.0,1520.7707500457764,22.8,48.0
749.0,1522.7981119155884,22.8,48.0
750.0,1524.8296661376953,22.8,48.0
751.0,1526.8571119308472,22.8,48.0
752.0,1528.884549856186,22.8,48.0
753.0,1530.911985874176,22.8,48.0
754.0,1532.9393558502197,22.8,48.0
755.0,1534.9708008766174,22.8,48.0
756.0,1536.9982688426971,22.8,48.0
757.0,1539.025720834732,22.8,48.0
758.0,1541.053128004074,22.8,48.0
759.0,1543.080533027649,22.8,48.0
760.0,1545.1119928359985,22.8,48.0
761.0,1547.1394279003143,22.8,48.0
762.0,1549.1668560504913,22.8,48.0
763.0,1551.1943480968475,22.8,48.0
764.0,1553.2219290733337,22.8,48.0
765.0,1555.249566078186,22.8,48.0
766.0,1557.2808058261871,22.8,48.0
767.0,1559.3081710338593,22.8,48.0
768.0,1561.3357031345367,22.8,48.0
769.0,1563.3629031181335,22.8,48.0
770.0,1565.3903608322144,22.8,48.0
771.0,1567.4220550060272,22.8,48.0
772.0,1569.4493608474731,22.8,48.0
773.0,1571.4767808914185,22.8,48.0
774.0,1573.5043449401855,22.8,48.0
775.0,1575.531662940979,22.8,48.0
776.0,1577.5631659030914,22.8,48.0
777.0,1579.5905978679657,22.8,48.0
778.0,1581.6178901195526,22.8,48.0
779.0,1583.6453111171722,22.8,48.0
780.0,1585.6728467941284,22.8,48.0
781.0,1587.7042760849,22.8,48.0
782.0,1589.7316780090332,22.8,48.0
783.0,1591.7591450214386,22.8,48.0
784.0,1593.7864949703217,22.8,48.0
785.0,1595.8139839172363,22.8,48.0
786.0,1597.8454809188843,22.8,48.0
787.0,1599.872930765152,22.8,48.0
788.0,1601.9003190994263,22.8,48.0
789.0,1603.927750825882,22.8,48.0
790.0,1605.9551708698273,22.8,48.0
791.0,1607.9866869449615,22.8,48.0
792.0,1610.0141830444336,22.8,48.0
793.0,1612.041522026062,22.8,48.0
794.0,1614.0692710876465,22.8,48.0
795.0,1616.0965468883514,22.8,48.0
796.0,1618.127995967865,22.8,48.0
797.0,1620.1553721427917,22.8,48.0
798.0,1622.1828618049622,22.8,48.0
799.0,1624.2101168632507,22.8,48.0
800.0,1626.2377438545227,22.8,48.0
801.0,1628.2694280147552,22.8,48.0
802.0,1630.2967569828033,22.8,48.0
803.0,1632.3239769935608,22.8,48.0
804.0,1634.3516581058502,22.8,48.0
805.0,1636.37881398201,22.8,48.0
806.0,1638.4102070331573,22.8,48.0
807.0,1640.437656879425,22.8,48.0
808.0,1642.4653389453888,22.8,48.0
809.0,1644.4924848079681,22.8,48.0
810.0,1646.5202949047089,22.8,48.0
811.0,1648.551635980606,22.8,48.0
812.0,1650.5788638591766,22.8,48.0
813.0,1652.6063809394836,22.8,48.0
814.0,1654.6337668895721,22.8,48.0
815.0,1656.6612560749054,22.8,48.0
816.0,1658.6926820278168,22.8,48.0
817.0,1660.7204139232635,22.8,48.0
818.0,1662.747449874878,22.8,48.0
819.0,1664.7752010822296,22.8,48.0
820.0,1666.8025867938995,22.8,48.0
821.0,1668.829815864563,22.8,48.0
822.0,1670.8615818023682,22.8,48.0
823.0,1672.8888137340546,22.8,48.0
824.0,1674.9164748191833,22.8,48.0
825.0,1676.943575143814,22.8,48.0
826.0,1678.9710898399353,22.8,48.0
827.0,1681.0027768611908,22.8,48.0
828.0,1683.0298850536346,22.8,48.0
829.0,1685.0574128627777,22.8,48.0
830.0,1687.0850429534912,22.8,48.0
831.0,1689.1125268936157,22.8,48.0
832.0,1691.1439108848572,22.8,48.0
833.0,1693.171401977539,22.8,48.0
834.0,1695.1988589763641,22.8,48.0
835.0,1697.2260990142822,22.8,48.0
836.0,1699.2537848949432,22.8,48.0
837.0,1701.217934846878,22.8,48.0
838.0,1703.245680809021,22.8,48.0
839.0,1705.2728860378265,22.8,48.0
840.0,1707.3003640174866,22.8,48.0
841.0,1709.327612876892,22.7,48.0
842.0,1711.3590669631958,22.7,48.0
843.0,1713.3865909576416,22.7,48.0
844.0,1715.4137749671936,22.7,48.0
845.0,1717.441283941269,22.7,48.0
846.0,1719.4727129936218,22.7,48.0
847.0,1721.5001919269562,22.7,48.0
848.0,1723.5275757312775,22.7,48.0
849.0,1725.5550978183746,22.7,48.0
850.0,1727.5827479362488,22.7,48.0
851.0,1729.614147901535,22.7,48.0
852.0,1731.6413388252258,22.7,48.0
853.0,1733.668967962265,22.7,48.0
854.0,1735.6960871219635,22.7,48.0
855.0,1737.7276418209076,22.7,48.0
856.0,1739.7552309036255,22.7,48.0
857.0,1741.7825150489807,22.7,48.0
858.0,1743.8098168373108,22.7,48.0
859.0,1745.8374328613281,22.7,48.0
860.0,1747.8687999248505,22.7,48.0
861.0,1749.8961589336395,22.7,48.0
862.0,1751.9235200881958,22.7,48.0
863.0,1753.9512300491333,22.7,48.0
864.0,1755.9783051013947,22.7,48.0
865.0,1758.009819984436,22.7,48.0
866.0,1760.0373599529266,22.7,48.0
867.0,1762.064710855484,22.7,48.0
868.0,1764.0920400619507,22.7,48.0
869.0,1766.1234638690948,22.7,48.0
870.0,1768.1509249210358,22.7,48.0
871.0,1770.1784138679504,22.7,48.0
872.0,1772.205825805664,22.7,48.0
873.0,1774.2331399917603,22.7,48.0
874.0,1776.2647049427032,22.7,48.0
875.0,1778.2920639514923,22.7,48.0
876.0,1780.3197247982025,22.7,48.0
877.0,1782.3469789028168,22.7,48.0
878.0,1784.3783938884735,22.7,48.0
879.0,1786.4057848453522,22.7,48.0
880.0,1788.4334568977356,22.7,48.0
881.0,1790.4604649543762,22.7,48.0
882.0,1792.4881627559662,22.7,48.0
883.0,1794.519562959671,22.7,48.0
884.0,1796.5467438697815,22.7,48.0
885.0,1798.5741119384766,22.7,48.0
886.0,1800.6015801429749,22.7,48.0
887.0,1802.633409023285,22.7,48.0
888.0,1804.6605999469757,22.7,48.0
889.0,1806.6879839897156,22.7,48.0
890.0,1808.7152178287506,22.7,48.0
891.0,1810.7427411079407,22.7,48.0
892.0,1812.7742748260498,22.7,48.0
893.0,1814.8017449378967,22.7,48.0
894.0,1816.8292078971863,22.7,48.0
895.0,1818.8564517498016,22.7,48.0
896.0,1820.884150981903,22.7,48.0
897.0,1822.9153118133545,22.7,48.0
898.0,1824.9426720142365,22.7,48.0
899.0,1826.9700899124146,22.7,48.0
900.0,1828.997836112976,22.7,48.0
901.0,1831.0289208889008,22.7,48.0
902.0,1833.0563898086548,22.7,48.0
903.0,1835.084167957306,22.7,48.0
904.0,1837.111232995987,22.7,48.0
905.0,1839.1386981010437,22.7,48.0
906.0,1841.170096874237,22.7,48.0
907.0,1843.197616815567,22.7,48.0
908.0,1845.2249460220337,22.7,48.0
909.0,1847.252466917038,22.7,48.0
910.0,1849.283963918686,22.7,48.0
911.0,1851.3112199306488,22.7,48.0
912.0,1853.33864402771,22.7,48.0
913.0,1855.3664019107819,22.7,48.0
914.0,1857.393436908722,22.7,48.0
915.0,1859.4248719215393,22.7,48.0
916.0,1861.4525299072266,22.7,48.0
917.0,1863.47971200943,22.7,48.0
918.0,1865.5072541236877,22.7,48.0
919.0,1867.5385899543762,22.7,48.0
920.0,1869.5662369728088,22.7,48.0
921.0,1871.5935108661652,22.7,48.0
922.0,1873.6208930015564,22.7,48.0
923.0,1875.6481409072876,22.7,48.0
924.0,1877.679615020752,22.7,48.0
925.0,1879.7071597576141,22.7,48.0
926.0,1881.7346498966217,22.7,48.0
927.0,1883.761795759201,22.7,48.0
928.0,1885.7892849445343,22.7,48.0
929.0,1887.8208000659943,22.7,48.0
930.0,1889.8482239246368,22.7,48.0
931.0,1891.8755679130554,22.7,48.0
932.0,1893.9030289649963,22.7,48.0
933.0,1895.9346010684967,22.7,48.0
934.0,1897.9618561267853,22.7,48.0
935.0,1899.989411830902,22.7,48.0
936.0,1902.0169501304626,22.7,48.0
937.0,1904.0442209243774,22.7,48.0
938.0,1906.075672864914,22.7,48.0
939.0,1908.102942943573,22.7,48.0
940.0,1910.130707025528,22.7,48.0
941.0,1912.1578459739685,22.7,48.0
942.0,1914.1892709732056,22.7,48.0
943.0,1916.2169637680054,22.7,48.0
944.0,1918.2442708015442,22.7,48.0
945.0,1920.2716450691223,22.7,48.0
946.0,1922.2992479801178,22.7,48.0
947.0,1924.3306560516357,22.7,48.0
948.0,1926.3578329086304,22.7,48.0
949.0,1928.3853719234467,22.7,48.0
950.0,1930.4128930568695,22.7,48.0
951.0,1932.4440429210663,22.7,48.0
952.0,1934.4714670181274,22.7,48.0
953.0,1936.4991958141327,22.7,48.0
954.0,1938.5261859893799,22.7,48.0
955.0,1940.5535650253296,22.7,48.0
956.0,1942.5852828025818,22.7,48.0
957.0,1944.6126091480255,22.7,48.0
958.0,1946.6399629116058,22.7,48.0
959.0,1948.6675908565521,22.7,48.0
960.0,1950.6948528289795,22.7,48.0
961.0,1952.7262659072876,22.7,48.0
962.0,1954.7537589073181,22.7,48.0
963.0,1956.7812280654907,22.7,48.0
964.0,1958.8084728717804,22.7,48.0
965.0,1960.8401317596436,22.7,48.0
966.0,1962.8675549030304,22.7,48.0
967.0,1964.8947279453278,22.7,48.0
968.0,1966.9224128723145,22.7,48.0
